brand,model_year,milage,fuel_type,accident,price
Ford,2013,"51,000 mi.",E85 Flex Fuel,At least 1 accident or damage reported,"$10,300"
Hyundai,2021,"34,742 mi.",Gasoline,At least 1 accident or damage reported,"$38,005"
Lexus,2022,"22,372 mi.",Gasoline,None reported,"$54,598"
INFINITI,2015,"88,900 mi.",Hybrid,None reported,"$15,500"
Audi,2021,"9,835 mi.",Gasoline,None reported,"$34,999"
Acura,2016,"136,397 mi.",Gasoline,None reported,"$14,798"
Audi,2017,"84,000 mi.",Gasoline,None reported,"$31,000"
BMW,2001,"242,000 mi.",Gasoline,None reported,"$7,300"
Lexus,2021,"23,436 mi.",Gasoline,None reported,"$41,927"
Tesla,2020,"34,000 mi.",,None reported,"$69,950"
Land,2021,"27,608 mi.",Gasoline,None reported,"$73,897"
Aston,2019,"22,770 mi.",Gasoline,None reported,"$184,606"
Toyota,2021,"12,500 mi.",Gasoline,None reported,"$53,500"
Lincoln,2022,"18,196 mi.",Gasoline,None reported,"$62,000"
Jaguar,2020,"15,903 mi.",Gasoline,None reported,"$47,998"
Land,2013,"79,800 mi.",Gasoline,None reported,"$29,990"
Mercedes-Benz,2021,"1,685 mi.",Gasoline,None reported,"$250,000"
Dodge,2013,"61,074 mi.",Gasoline,None reported,"$16,800"
Nissan,2003,"74,000 mi.",Gasoline,None reported,"$11,000"
Jaguar,2018,"35,250 mi.",Gasoline,None reported,"$68,750"
Genesis,2023,"5,400 mi.",Gasoline,,"$60,000"
Chevrolet,2000,"133,510 mi.",E85 Flex Fuel,None reported,"$4,500"
BMW,2020,"25,990 mi.",Gasoline,None reported,"$38,598"
Ford,2023,"2,823 mi.",Gasoline,None reported,"$58,504"
Chevrolet,2021,"52,000 mi.",Gasoline,None reported,"$61,000"
Hyundai,2022,"11,650 mi.",Gasoline,None reported,"$32,300"
Nissan,2016,"96,541 mi.",Gasoline,None reported,"$13,998"
Mercedes-Benz,2021,"17,500 mi.",Gasoline,None reported,"$59,995"
BMW,2015,"69,000 mi.",Gasoline,None reported,"$25,700"
Audi,2017,"81,880 mi.",E85 Flex Fuel,None reported,"$21,375"
Mercedes-Benz,2018,"28,800 mi.",Gasoline,None reported,"$48,000"
Dodge,2006,"300,183 mi.",Gasoline,At least 1 accident or damage reported,"$10,900"
BMW,2020,"35,035 mi.",Hybrid,None reported,"$24,998"
Kia,2011,"171,000 mi.",Gasoline,None reported,"$5,999"
Lexus,2016,"118,700 mi.",Gasoline,None reported,"$46,900"
Jeep,2017,"119,000 mi.",Gasoline,None reported,"$15,900"
BMW,2018,"44,261 mi.",Gasoline,None reported,"$33,598"
Audi,2012,"125,575 mi.",Gasoline,None reported,"$8,999"
Hyundai,2007,"16,200 mi.",Gasoline,None reported,"$8,200"
BMW,2014,"70,000 mi.",Gasoline,At least 1 accident or damage reported,"$20,000"
Bentley,2011,"20,200 mi.",E85 Flex Fuel,None reported,"$79,950"
Honda,2023,"2,978 mi.",Gasoline,None reported,"$45,498"
Dodge,2007,"189,719 mi.",Diesel,At least 1 accident or damage reported,"$14,000"
BMW,2019,"9,949 mi.",Gasoline,None reported,"$75,798"
Lucid,2022,"3,552 mi.",,None reported,"$119,999"
Audi,2012,"54,000 mi.",Gasoline,At least 1 accident or damage reported,"$36,880"
Chevrolet,2021,"51,351 mi.",Gasoline,None reported,"$43,147"
MINI,2017,"24,280 mi.",Gasoline,At least 1 accident or damage reported,"$29,000"
Toyota,2016,"89,148 mi.",Gasoline,None reported,"$17,500"
Porsche,2017,"73,043 mi.",Gasoline,None reported,"$30,990"
Mercedes-Benz,2017,"60,000 mi.",Gasoline,At least 1 accident or damage reported,"$52,500"
Honda,2016,"73,549 mi.",Gasoline,At least 1 accident or damage reported,"$20,848"
Hummer,2005,"110,900 mi.",Gasoline,None reported,"$19,500"
Porsche,2013,"39,000 mi.",Gasoline,None reported,"$73,000"
Mercedes-Benz,2016,"120,000 mi.",Gasoline,None reported,"$19,800"
Chrysler,2009,"134,602 mi.",Gasoline,None reported,"$7,500"
Nissan,2023,"1,094 mi.",Gasoline,None reported,"$30,999"
Audi,2010,"83,500 mi.",Gasoline,None reported,"$6,500"
Ford,2014,"37,060 mi.",Gasoline,None reported,"$28,500"
Acura,2010,"97,700 mi.",Gasoline,None reported,"$10,995"
Volvo,2018,"40,000 mi.",Plug-In Hybrid,None reported,"$42,000"
Audi,2018,"8,940 mi.",Gasoline,None reported,"$144,900"
Mercedes-Benz,2014,"186,000 mi.",Gasoline,At least 1 accident or damage reported,"$10,000"
Toyota,2021,"13,180 mi.",Gasoline,None reported,"$23,998"
Lexus,2014,"104,000 mi.",Gasoline,None reported,"$21,000"
BMW,2023,"8,500 mi.",Hybrid,None reported,"$67,900"
BMW,2019,"19,069 mi.",Gasoline,None reported,"$69,998"
Cadillac,2023,"6,090 mi.",Gasoline,None reported,"$46,900"
Lucid,2022,"4,900 mi.",,None reported,"$99,000"
Audi,2019,"47,523 mi.",Gasoline,None reported,"$31,000"
Chrysler,2006,"43,000 mi.",Gasoline,At least 1 accident or damage reported,"$19,995"
Bentley,2017,"14,684 mi.",Gasoline,None reported,"$130,000"
BMW,2019,"57,800 mi.",Gasoline,None reported,"$55,999"
Toyota,2023,952 mi.,Gasoline,None reported,"$49,950"
Audi,2019,"21,240 mi.",Gasoline,At least 1 accident or damage reported,"$59,950"
Porsche,2019,"59,338 mi.",Gasoline,None reported,"$42,499"
Lamborghini,2023,255 mi.,Gasoline,None reported,"$359,991"
Maserati,2019,"23,230 mi.",Gasoline,None reported,"$44,999"
Jaguar,2017,"48,000 mi.",Gasoline,At least 1 accident or damage reported,"$30,000"
Lexus,2005,"41,059 mi.",Gasoline,None reported,"$11,100"
Land,2020,"21,240 mi.",Gasoline,None reported,"$37,998"
Porsche,2015,"11,500 mi.",Gasoline,None reported,"$72,000"
Genesis,2021,"9,950 mi.",Gasoline,None reported,"$53,950"
Volkswagen,2023,633 mi.,Gasoline,None reported,"$47,999"
Hyundai,2015,"66,000 mi.",Hybrid,At least 1 accident or damage reported,"$15,900"
Audi,2014,"59,715 mi.",Gasoline,At least 1 accident or damage reported,"$45,000"
BMW,2012,"85,252 mi.",Gasoline,None reported,"$18,500"
Mercedes-Benz,2020,"17,900 mi.",Hybrid,At least 1 accident or damage reported,"$80,000"
BMW,2016,"25,500 mi.",Gasoline,None reported,"$55,000"
Subaru,2004,"210,703 mi.",Gasoline,,"$2,300"
Hyundai,2023,"3,800 mi.",Gasoline,None reported,"$34,000"
Kia,2022,"36,602 mi.",Hybrid,None reported,"$31,995"
Rivian,2023,"2,800 mi.",,None reported,"$92,000"
Aston,2021,"2,165 mi.",Gasoline,None reported,"$279,950"
Mercedes-Benz,2018,"33,000 mi.",Gasoline,At least 1 accident or damage reported,"$29,900"
BMW,2016,"76,009 mi.",Gasoline,None reported,"$24,950"
Jeep,2020,"31,349 mi.",Gasoline,None reported,"$39,366"
Lexus,2015,"48,000 mi.",Gasoline,None reported,"$32,900"
BMW,2005,"91,420 mi.",Gasoline,None reported,"$8,900"
Toyota,2003,"124,756 mi.",Gasoline,At least 1 accident or damage reported,"$4,995"
Cadillac,2023,"2,415 mi.",Gasoline,None reported,"$104,900"
GMC,2012,"116,226 mi.",Gasoline,None reported,"$7,900"
Lexus,2020,"37,869 mi.",Gasoline,None reported,"$75,950"
BMW,2019,"41,500 mi.",Plug-In Hybrid,None reported,"$86,000"
Lexus,2013,"87,001 mi.",Hybrid,None reported,"$17,995"
Cadillac,2022,"4,451 mi.",Gasoline,At least 1 accident or damage reported,"$55,655"
BMW,2020,"27,158 mi.",Gasoline,None reported,"$39,998"
Chevrolet,2014,"139,804 mi.",Gasoline,At least 1 accident or damage reported,"$14,500"
Jeep,2022,"27,300 mi.",Gasoline,None reported,"$47,500"
BMW,2014,"36,812 mi.",Gasoline,None reported,"$27,000"
Land,2016,"144,000 mi.",Gasoline,At least 1 accident or damage reported,"$18,000"
Cadillac,2019,"44,500 mi.",Gasoline,None reported,"$28,900"
BMW,2021,"10,917 mi.",Gasoline,None reported,"$73,998"
Bentley,2005,"8,332 mi.",Gasoline,None reported,"$47,350"
Lincoln,2020,"51,247 mi.",Gasoline,None reported,"$47,698"
Mercedes-Benz,2016,"69,000 mi.",Gasoline,None reported,"$36,500"
RAM,2021,"147,834 mi.",Gasoline,None reported,"$32,662"
Ford,2013,"105,000 mi.",E85 Flex Fuel,At least 1 accident or damage reported,"$6,600"
Audi,2011,"92,203 mi.",Gasoline,None reported,"$9,995"
Nissan,2010,"15,600 mi.",Gasoline,None reported,"$69,500"
Land,2018,"104,700 mi.",Gasoline,At least 1 accident or damage reported,"$30,775"
Toyota,2010,"72,348 mi.",Gasoline,At least 1 accident or damage reported,"$9,995"
Rivian,2023,"2,500 mi.",,None reported,"$94,000"
Mercedes-Benz,2022,"13,177 mi.",Gasoline,None reported,"$44,798"
Porsche,2016,"96,000 mi.",Plug-In Hybrid,At least 1 accident or damage reported,"$23,000"
Chevrolet,2011,"93,009 mi.",E85 Flex Fuel,None reported,"$22,495"
INFINITI,2016,"52,750 mi.",Hybrid,At least 1 accident or damage reported,"$28,998"
Audi,2020,"25,361 mi.",Hybrid,None reported,"$49,998"
Audi,2015,"98,527 mi.",Gasoline,,"$9,995"
Lucid,2023,"1,300 mi.",,,"$86,900"
Chrysler,2017,"87,305 mi.",–,None reported,"$9,000"
Audi,2012,"72,922 mi.",Gasoline,,"$25,999"
BMW,2015,"41,000 mi.",Gasoline,None reported,"$30,000"
Subaru,2021,"42,125 mi.",Gasoline,None reported,"$27,899"
Mercedes-Benz,2016,"62,000 mi.",Gasoline,None reported,"$40,000"
Land,2006,"153,843 mi.",Gasoline,At least 1 accident or damage reported,"$9,950"
BMW,2019,"35,248 mi.",Gasoline,None reported,"$53,998"
Ford,2015,"194,454 mi.",Gasoline,None reported,"$9,888"
Lexus,2021,"21,000 mi.",Gasoline,None reported,"$89,999"
Porsche,2013,"18,494 mi.",Gasoline,,"$86,900"
Dodge,2006,"218,000 mi.",Gasoline,None reported,"$12,990"
Nissan,2021,"67,800 mi.",Gasoline,At least 1 accident or damage reported,"$36,500"
Porsche,2014,"79,000 mi.",Gasoline,At least 1 accident or damage reported,"$42,999"
Mercedes-Benz,2022,"24,906 mi.",Hybrid,None reported,"$63,998"
Chevrolet,2006,"66,840 mi.",Gasoline,At least 1 accident or damage reported,"$12,000"
BMW,2013,"86,000 mi.",Gasoline,None reported,"$32,000"
Hyundai,2023,654 mi.,Gasoline,None reported,"$34,599"
Chevrolet,2005,"75,000 mi.",Gasoline,None reported,"$12,500"
Land,2015,"84,000 mi.",Gasoline,At least 1 accident or damage reported,"$22,800"
Audi,2017,"52,500 mi.",Gasoline,None reported,"$39,999"
GMC,2011,"120,000 mi.",Gasoline,None reported,"$7,500"
Alfa,2020,"18,665 mi.",Gasoline,None reported,"$35,645"
Ferrari,2016,"19,987 mi.",Gasoline,None reported,"$149,900"
Kia,2017,"36,486 mi.",Gasoline,At least 1 accident or damage reported,"$23,950"
Ford,2013,"162,100 mi.",E85 Flex Fuel,None reported,"$12,500"
Tesla,2022,"13,079 mi.",,None reported,"$47,000"
Toyota,2022,"28,377 mi.",Gasoline,None reported,"$36,999"
Subaru,2020,"32,744 mi.",Gasoline,None reported,"$24,000"
Porsche,2012,"54,000 mi.",Gasoline,At least 1 accident or damage reported,"$26,000"
Toyota,2008,"202,055 mi.",Gasoline,At least 1 accident or damage reported,"$8,500"
RAM,2019,"65,000 mi.",Diesel,None reported,"$65,000"
Kia,2022,"9,686 mi.",Gasoline,None reported,"$30,990"
Cadillac,2010,"49,620 mi.",Gasoline,None reported,"$10,499"
Toyota,1997,"213,000 mi.",Gasoline,None reported,"$26,500"
Nissan,2020,"16,010 mi.",Gasoline,None reported,"$114,000"
Lexus,2023,820 mi.,Gasoline,None reported,"$51,998"
Audi,2021,"68,000 mi.",Gasoline,None reported,"$36,499"
Lexus,1999,"82,000 mi.",Gasoline,None reported,"$25,000"
GMC,2022,"27,352 mi.",Gasoline,None reported,"$27,785"
Ford,2012,"129,000 mi.",Gasoline,At least 1 accident or damage reported,"$7,000"
Lexus,2014,"106,731 mi.",Gasoline,At least 1 accident or damage reported,"$30,000"
Ford,2019,"34,672 mi.",Gasoline,None reported,"$45,500"
Chevrolet,2010,"55,900 mi.",Gasoline,None reported,"$8,950"
Audi,2023,"3,158 mi.",Gasoline,None reported,"$128,900"
Audi,2015,"82,000 mi.",Gasoline,None reported,"$17,000"
Genesis,2023,"4,785 mi.",Gasoline,None reported,"$42,850"
Chevrolet,2021,"20,497 mi.",Gasoline,None reported,"$22,999"
Scion,2013,"177,600 mi.",Gasoline,At least 1 accident or damage reported,"$7,100"
Lincoln,2014,"78,568 mi.",Hybrid,None reported,"$15,500"
Ford,2018,"95,000 mi.",E85 Flex Fuel,None reported,"$43,000"
Porsche,2018,"4,529 mi.",Gasoline,None reported,"$417,500"
Ford,2021,"25,240 mi.",Gasoline,At least 1 accident or damage reported,"$39,951"
Volvo,2011,"88,300 mi.",Gasoline,At least 1 accident or damage reported,"$11,500"
Chevrolet,2013,"98,000 mi.",E85 Flex Fuel,At least 1 accident or damage reported,"$27,499"
Audi,2018,"20,675 mi.",Gasoline,None reported,"$76,000"
Lincoln,2008,"95,000 mi.",Gasoline,None reported,"$10,900"
Hyundai,2010,"107,000 mi.",Gasoline,At least 1 accident or damage reported,"$6,250"
Audi,2016,"60,000 mi.",Gasoline,At least 1 accident or damage reported,"$24,700"
Mitsubishi,2012,"33,000 mi.",Gasoline,None reported,"$34,999"
Tesla,2023,500 mi.,,None reported,"$60,000"
Mercedes-Benz,2016,"108,500 mi.",Gasoline,None reported,"$63,500"
Nissan,2017,"37,800 mi.",Gasoline,None reported,"$149,500"
Mercedes-Benz,2018,"74,422 mi.",Gasoline,None reported,"$44,798"
Chevrolet,2019,"55,621 mi.",Gasoline,None reported,"$34,562"
Mazda,2021,"46,707 mi.",Gasoline,At least 1 accident or damage reported,"$32,541"
Ford,2022,"26,500 mi.",Gasoline,None reported,"$65,900"
Nissan,2020,"10,001 mi.",Gasoline,None reported,"$47,214"
Lexus,2019,"19,050 mi.",Gasoline,None reported,"$76,900"
Chevrolet,2020,"52,000 mi.",Gasoline,None reported,"$35,800"
Mercedes-Benz,2014,"65,000 mi.",Diesel,At least 1 accident or damage reported,"$54,999"
BMW,2004,"140,000 mi.",Gasoline,None reported,"$6,730"
Ford,2018,"75,600 mi.",Gasoline,At least 1 accident or damage reported,"$14,950"
Lincoln,2015,"117,292 mi.",Gasoline,None reported,"$12,000"
Ford,2005,"1,897 mi.",Gasoline,None reported,"$429,998"
Genesis,2017,"26,000 mi.",Gasoline,None reported,"$33,600"
Lexus,2022,"2,071 mi.",Gasoline,None reported,"$99,950"
Ford,2014,"15,629 mi.",Gasoline,None reported,"$61,900"
Saturn,2008,"15,020 mi.",Gasoline,None reported,"$18,500"
Audi,2022,"11,322 mi.",Gasoline,None reported,"$119,900"
Toyota,2016,"50,361 mi.",Gasoline,None reported,"$65,998"
Mercedes-Benz,2013,"115,000 mi.",Gasoline,At least 1 accident or damage reported,"$36,000"
Porsche,2005,"28,500 mi.",Gasoline,None reported,"$63,500"
Mercedes-Benz,2018,"51,700 mi.",Gasoline,None reported,"$32,000"
Ford,2008,"148,949 mi.",Gasoline,None reported,"$3,900"
BMW,2018,"39,300 mi.",Gasoline,At least 1 accident or damage reported,"$31,750"
Honda,2008,"82,323 mi.",Gasoline,None reported,"$28,500"
Acura,2023,"3,574 mi.",Gasoline,None reported,"$34,998"
Ford,2001,"109,357 mi.",Gasoline,None reported,"$12,749"
Mercedes-Benz,2004,"46,000 mi.",Gasoline,None reported,"$18,853"
Mercedes-Benz,2007,"123,112 mi.",Gasoline,At least 1 accident or damage reported,"$104,999"
INFINITI,2007,"37,100 mi.",Gasoline,None reported,"$16,900"
Volkswagen,2016,"89,000 mi.",Gasoline,None reported,"$14,500"
Dodge,2022,"1,240 mi.",Gasoline,None reported,"$53,900"
Lincoln,2019,"67,073 mi.",Gasoline,At least 1 accident or damage reported,"$47,999"
Maserati,2015,"28,700 mi.",Gasoline,,"$24,900"
Tesla,2023,"8,200 mi.",,None reported,"$93,999"
Mercedes-Benz,2018,"41,000 mi.",Gasoline,None reported,"$108,900"
Ford,2018,"98,995 mi.",Gasoline,None reported,"$34,998"
Volkswagen,2012,"123,815 mi.",Gasoline,None reported,"$5,000"
Bugatti,2011,"6,330 mi.",Gasoline,None reported,"$1,950,995"
Toyota,2020,"61,341 mi.",Gasoline,At least 1 accident or damage reported,"$34,084"
Honda,2016,"96,473 mi.",Gasoline,None reported,"$15,599"
Jeep,2017,"66,107 mi.",Gasoline,None reported,"$31,331"
Land,2008,"114,287 mi.",Gasoline,None reported,"$9,900"
Acura,2015,"75,000 mi.",Gasoline,None reported,"$14,500"
BMW,2016,"45,800 mi.",Gasoline,,"$36,800"
Polestar,2021,"12,172 mi.",,None reported,"$35,999"
BMW,2016,"70,582 mi.",Gasoline,At least 1 accident or damage reported,"$35,000"
Porsche,2014,"33,088 mi.",Gasoline,None reported,"$49,750"
Lincoln,2021,"1,850 mi.",Plug-In Hybrid,None reported,"$49,000"
Cadillac,2008,"94,155 mi.",Gasoline,None reported,"$10,500"
Cadillac,2016,"25,000 mi.",Gasoline,None reported,"$17,999"
GMC,2016,"99,500 mi.",Gasoline,None reported,"$27,995"
INFINITI,2009,"158,564 mi.",Gasoline,None reported,"$8,750"
Ford,2023,"20,000 mi.",Gasoline,None reported,"$78,499"
Cadillac,2018,"46,711 mi.",Gasoline,At least 1 accident or damage reported,"$20,850"
Nissan,2017,"46,496 mi.",Gasoline,None reported,"$41,000"
Mercedes-Benz,2019,"19,800 mi.",Gasoline,None reported,"$53,800"
Toyota,2008,"175,000 mi.",Gasoline,At least 1 accident or damage reported,"$37,900"
Toyota,2016,"61,500 mi.",Gasoline,None reported,"$63,500"
RAM,2016,"49,750 mi.",Gasoline,None reported,"$65,000"
Lamborghini,2007,"38,800 mi.",Gasoline,None reported,"$100,000"
Lincoln,2011,"83,765 mi.",Gasoline,None reported,"$8,995"
Mercedes-Benz,2023,"7,388 mi.",,None reported,"$105,500"
Lamborghini,2023,278 mi.,Gasoline,None reported,"$359,991"
Alfa,2022,"1,966 mi.",Gasoline,None reported,"$75,900"
Chevrolet,2021,"50,648 mi.",Gasoline,None reported,"$23,995"
Toyota,1993,"231,500 mi.",–,None reported,"$29,500"
Lamborghini,2021,"13,692 mi.",Gasoline,None reported,"$257,000"
INFINITI,2013,"60,058 mi.",Gasoline,At least 1 accident or damage reported,"$15,000"
Maserati,2017,"54,423 mi.",Gasoline,None reported,"$33,950"
Toyota,2022,"24,001 mi.",Gasoline,None reported,"$47,498"
Nissan,2022,"14,735 mi.",Gasoline,None reported,"$50,998"
Audi,2023,"2,425 mi.",Hybrid,None reported,"$42,998"
Ford,2022,"2,050 mi.",Gasoline,None reported,"$94,999"
Lincoln,2019,"64,855 mi.",Gasoline,None reported,"$46,995"
Mercedes-Benz,2022,"16,238 mi.",,None reported,"$62,479"
RAM,2022,"18,051 mi.",Gasoline,None reported,"$47,995"
Lincoln,2004,"36,524 mi.",Gasoline,None reported,"$14,900"
Acura,2022,"14,896 mi.",Gasoline,None reported,"$39,998"
Toyota,2022,"14,048 mi.",Hybrid,None reported,"$29,999"
Honda,2003,"224,000 mi.",Gasoline,None reported,"$3,900"
Mercedes-Benz,2014,"80,581 mi.",Gasoline,None reported,"$26,000"
Mazda,2007,"81,400 mi.",Gasoline,At least 1 accident or damage reported,"$11,000"
Porsche,2019,"6,700 mi.",Gasoline,None reported,"$63,000"
Ford,2015,"143,000 mi.",Gasoline,None reported,"$22,500"
Kia,2017,"87,842 mi.",Gasoline,None reported,"$18,688"
INFINITI,2010,"116,451 mi.",Gasoline,None reported,"$16,500"
Nissan,2019,"53,677 mi.",Gasoline,None reported,"$27,900"
Audi,2021,"12,000 mi.",Hybrid,None reported,"$77,500"
Land,2019,"20,034 mi.",Gasoline,None reported,"$43,998"
Ford,2020,"32,000 mi.",Diesel,None reported,"$68,000"
INFINITI,2014,"70,312 mi.",Gasoline,None reported,"$19,995"
Jeep,2022,"8,794 mi.",Gasoline,None reported,"$54,000"
Lincoln,2010,"156,000 mi.",Gasoline,At least 1 accident or damage reported,"$5,900"
Porsche,2020,"25,568 mi.",Gasoline,None reported,"$134,999"
Mercedes-Benz,2018,"67,100 mi.",Gasoline,At least 1 accident or damage reported,"$34,250"
Porsche,2014,"52,000 mi.",Gasoline,At least 1 accident or damage reported,"$37,000"
Acura,2011,"137,200 mi.",Gasoline,None reported,"$12,000"
Volkswagen,2018,"36,000 mi.",Gasoline,At least 1 accident or damage reported,"$32,000"
Kia,2023,"15,500 mi.",Gasoline,At least 1 accident or damage reported,"$24,500"
BMW,2020,"10,906 mi.",Gasoline,None reported,"$96,998"
Lincoln,2019,"49,814 mi.",Gasoline,None reported,"$26,545"
BMW,2015,846 mi.,Plug-In Hybrid,None reported,"$86,999"
Toyota,2021,"67,039 mi.",Gasoline,None reported,"$34,645"
Mazda,2023,"2,636 mi.",Gasoline,None reported,"$28,535"
Porsche,2018,"50,166 mi.",Gasoline,At least 1 accident or damage reported,"$43,550"
Lincoln,2017,"37,375 mi.",Gasoline,None reported,"$27,500"
Tesla,2021,"21,600 mi.",,None reported,"$31,000"
Porsche,2019,"9,500 mi.",Gasoline,At least 1 accident or damage reported,"$69,000"
Chevrolet,2005,"143,095 mi.",Gasoline,None reported,"$16,000"
Acura,2002,"80,000 mi.",Gasoline,At least 1 accident or damage reported,"$8,500"
Ferrari,2021,"3,000 mi.",Gasoline,None reported,"$275,000"
Porsche,2007,"5,856 mi.",Gasoline,None reported,"$45,000"
Rolls-Royce,2013,"2,958 mi.",Gasoline,None reported,"$488,880"
Audi,2022,"28,927 mi.",Gasoline,None reported,"$74,900"
Mercedes-Benz,2022,"4,102 mi.",Hybrid,None reported,"$144,664"
Honda,2021,"14,442 mi.",Gasoline,None reported,"$38,500"
Mercedes-Benz,2005,"64,000 mi.",Gasoline,None reported,"$12,995"
Lexus,2004,"154,000 mi.",Gasoline,At least 1 accident or damage reported,"$10,000"
Lexus,2015,"54,000 mi.",Gasoline,None reported,"$27,000"
Dodge,2007,"232,492 mi.",Gasoline,At least 1 accident or damage reported,"$6,000"
Maserati,2020,"25,721 mi.",Gasoline,None reported,"$52,645"
Land,2020,"20,927 mi.",Gasoline,None reported,"$35,998"
Aston,2021,"2,353 mi.",Gasoline,None reported,"$159,500"
Audi,2022,"9,325 mi.",Gasoline,None reported,"$33,610"
Ford,2020,"61,001 mi.",Gasoline,At least 1 accident or damage reported,"$28,616"
Mercedes-Benz,2018,"71,962 mi.",Gasoline,None reported,"$46,900"
Subaru,2023,"5,800 mi.",Gasoline,None reported,"$29,990"
BMW,2016,"40,080 mi.",Gasoline,None reported,"$28,499"
Kia,2020,"57,000 mi.",Gasoline,At least 1 accident or damage reported,"$36,500"
Chevrolet,2022,"7,624 mi.",,None reported,"$31,985"
Subaru,2004,"122,000 mi.",Gasoline,At least 1 accident or damage reported,"$9,999"
Kia,2023,459 mi.,Gasoline,None reported,"$36,998"
BMW,2016,"62,500 mi.",Gasoline,At least 1 accident or damage reported,"$40,500"
Hyundai,2013,"72,000 mi.",Gasoline,None reported,"$17,500"
Mercedes-Benz,2020,"8,375 mi.",Gasoline,None reported,"$69,900"
BMW,2020,"40,000 mi.",Gasoline,None reported,"$53,000"
Subaru,2014,"77,000 mi.",Gasoline,At least 1 accident or damage reported,"$30,000"
Mercedes-Benz,2019,"19,593 mi.",Gasoline,None reported,"$159,998"
Mazda,2020,"35,902 mi.",Gasoline,None reported,"$22,966"
Hyundai,2013,800 mi.,Gasoline,None reported,"$9,800"
Bentley,2023,"2,600 mi.",Gasoline,None reported,"$239,995"
Land,2023,"6,204 mi.",Hybrid,None reported,"$79,998"
Kia,2020,"69,185 mi.",Gasoline,None reported,"$37,405"
Maserati,2015,"45,000 mi.",Gasoline,None reported,"$41,900"
BMW,2020,"37,426 mi.",Gasoline,None reported,"$39,998"
INFINITI,2011,"137,000 mi.",Gasoline,At least 1 accident or damage reported,"$8,500"
Mazda,2016,"85,000 mi.",–,At least 1 accident or damage reported,"$18,500"
Chevrolet,2023,"4,000 mi.",Gasoline,At least 1 accident or damage reported,"$73,900"
Audi,2023,"4,648 mi.",Hybrid,None reported,"$47,598"
Lexus,2018,"52,100 mi.",Gasoline,None reported,"$38,000"
BMW,2014,"50,100 mi.",Gasoline,None reported,"$10,795"
Alfa,2020,"41,000 mi.",Gasoline,None reported,"$32,400"
RAM,2021,"70,968 mi.",Gasoline,None reported,"$34,000"
BMW,2015,"26,600 mi.",Gasoline,None reported,"$53,000"
Tesla,2022,"15,443 mi.",,None reported,"$84,500"
Volvo,2018,"95,000 mi.",Gasoline,None reported,"$18,000"
Subaru,2005,"94,000 mi.",Gasoline,None reported,"$19,500"
BMW,2020,"45,076 mi.",Gasoline,None reported,"$57,998"
Cadillac,2014,"110,000 mi.",Gasoline,None reported,"$11,000"
Land,2016,"49,083 mi.",Gasoline,None reported,"$21,590"
Genesis,2017,"63,500 mi.",Gasoline,None reported,"$27,500"
Mercedes-Benz,2009,"21,500 mi.",Gasoline,At least 1 accident or damage reported,"$18,000"
Land,2023,324 mi.,Gasoline,None reported,"$199,998"
Kia,2019,"68,166 mi.",Gasoline,None reported,"$20,818"
Toyota,2018,"53,607 mi.",Gasoline,At least 1 accident or damage reported,"$31,853"
Mercedes-Benz,2019,"16,813 mi.",Diesel,,"$45,900"
BMW,2020,"18,200 mi.",Gasoline,At least 1 accident or damage reported,"$29,500"
Audi,2015,"51,000 mi.",Gasoline,At least 1 accident or damage reported,"$102,000"
Audi,2018,"16,400 mi.",Gasoline,None reported,"$42,800"
Toyota,2022,"7,000 mi.",Hybrid,None reported,"$75,500"
Audi,2022,"8,497 mi.",Gasoline,None reported,"$52,900"
Audi,2016,"68,000 mi.",Gasoline,At least 1 accident or damage reported,"$20,000"
Lamborghini,2022,"2,523 mi.",Gasoline,None reported,"$288,900"
BMW,2007,"83,000 mi.",Gasoline,None reported,"$8,995"
Audi,2018,"25,000 mi.",Gasoline,None reported,"$50,000"
Cadillac,2021,"15,689 mi.",Diesel,None reported,"$97,952"
BMW,2014,"125,450 mi.",Gasoline,None reported,"$17,200"
Kia,2023,"9,822 mi.",Gasoline,None reported,"$50,998"
Chevrolet,2008,"144,000 mi.",Gasoline,None reported,"$22,000"
GMC,2020,"30,900 mi.",Gasoline,None reported,"$27,654"
BMW,2021,"2,492 mi.",Gasoline,None reported,"$41,598"
Audi,2015,"126,760 mi.",Gasoline,At least 1 accident or damage reported,"$14,000"
Subaru,2017,"100,680 mi.",Gasoline,None reported,"$20,500"
Mitsubishi,2001,"90,400 mi.",Gasoline,None reported,"$4,495"
Hyundai,2022,"26,895 mi.",Gasoline,,"$29,800"
BMW,2018,"20,500 mi.",Gasoline,None reported,"$67,000"
Dodge,2011,"134,000 mi.",Gasoline,At least 1 accident or damage reported,"$10,500"
Ford,2015,"84,352 mi.",Plug-In Hybrid,At least 1 accident or damage reported,"$10,000"
Toyota,2022,"19,000 mi.",Hybrid,None reported,"$71,000"
Land,2015,"115,550 mi.",Gasoline,None reported,"$17,500"
Lincoln,2009,"191,775 mi.",E85 Flex Fuel,At least 1 accident or damage reported,"$9,750"
Ford,2023,923 mi.,,None reported,"$46,998"
Mercedes-Benz,2017,"124,630 mi.",Diesel,None reported,"$75,000"
Mercedes-Benz,2019,"17,000 mi.",Gasoline,None reported,"$95,000"
BMW,2018,"73,500 mi.",Gasoline,None reported,"$32,000"
Acura,1998,"120,000 mi.",Gasoline,At least 1 accident or damage reported,"$5,500"
Audi,2019,"73,837 mi.",Gasoline,None reported,"$36,340"
BMW,2014,"29,500 mi.",Gasoline,None reported,"$40,999"
Volkswagen,2021,"13,613 mi.",Gasoline,None reported,"$29,798"
Lexus,2023,"1,185 mi.",Gasoline,None reported,"$120,990"
INFINITI,2015,"143,250 mi.",Gasoline,None reported,"$11,500"
BMW,2006,"46,508 mi.",Gasoline,At least 1 accident or damage reported,"$11,500"
BMW,2015,"18,651 mi.",Gasoline,None reported,"$59,549"
BMW,2019,"36,438 mi.",Gasoline,None reported,"$39,998"
Kia,2014,"46,628 mi.",Gasoline,None reported,"$15,363"
Rivian,2023,"5,700 mi.",,None reported,"$95,000"
BMW,2015,"57,550 mi.",Gasoline,None reported,"$29,995"
Cadillac,2017,"48,600 mi.",Gasoline,None reported,"$60,999"
Ford,2020,"119,000 mi.",Gasoline,None reported,"$18,000"
Land,2020,"36,500 mi.",Gasoline,None reported,"$72,000"
Lexus,2010,"121,250 mi.",Gasoline,At least 1 accident or damage reported,"$13,250"
BMW,2023,"2,437 mi.",Hybrid,None reported,"$78,350"
Volvo,2018,"110,380 mi.",Gasoline,At least 1 accident or damage reported,"$22,000"
Hyundai,2008,"149,000 mi.",Gasoline,None reported,"$3,850"
Dodge,2021,"14,684 mi.",Gasoline,None reported,"$37,995"
Mercedes-Benz,2017,"39,000 mi.",Gasoline,At least 1 accident or damage reported,"$39,000"
GMC,2019,"65,212 mi.",Gasoline,None reported,"$42,995"
Audi,2020,"41,856 mi.",Gasoline,None reported,"$91,500"
Rivian,2023,655 mi.,,None reported,"$94,500"
Toyota,2019,"54,000 mi.",Hybrid,None reported,"$33,000"
Alfa,2019,"26,500 mi.",Gasoline,None reported,"$53,900"
Land,2020,"38,356 mi.",Gasoline,None reported,"$36,598"
Alfa,2020,"21,487 mi.",Gasoline,None reported,"$35,345"
Cadillac,2007,"99,000 mi.",Gasoline,None reported,"$22,999"
Ford,2019,"35,597 mi.",E85 Flex Fuel,None reported,"$47,756"
Nissan,2005,"130,307 mi.",Gasoline,None reported,"$9,950"
Subaru,2010,"178,000 mi.",Gasoline,None reported,"$7,600"
Honda,2003,"160,265 mi.",Gasoline,At least 1 accident or damage reported,"$3,000"
McLaren,2020,"8,700 mi.",Gasoline,None reported,"$185,000"
Maserati,2016,"1,000 mi.",Gasoline,None reported,"$36,000"
Jeep,2022,"29,800 mi.",Gasoline,None reported,"$58,900"
Maserati,2017,"49,750 mi.",Gasoline,None reported,"$27,995"
Lexus,2002,"121,000 mi.",Gasoline,None reported,"$6,348"
Lincoln,2005,"140,000 mi.",Gasoline,None reported,"$2,000"
Ford,2018,"66,770 mi.",E85 Flex Fuel,,"$21,500"
Cadillac,2016,"61,549 mi.",Gasoline,At least 1 accident or damage reported,"$19,998"
Lincoln,2016,"38,100 mi.",Gasoline,None reported,"$21,000"
Toyota,2010,"138,071 mi.",Gasoline,None reported,"$5,000"
Mercedes-Benz,2019,"40,000 mi.",Gasoline,At least 1 accident or damage reported,"$72,000"
Mercedes-Benz,2022,"41,545 mi.",Hybrid,None reported,"$71,998"
Mercedes-Benz,2019,"47,850 mi.",Gasoline,At least 1 accident or damage reported,"$127,899"
Hyundai,2014,"128,000 mi.",Gasoline,None reported,"$11,000"
Toyota,2019,"48,156 mi.",Gasoline,None reported,"$40,368"
Mercedes-Benz,2021,"4,700 mi.",Hybrid,None reported,"$99,900"
Audi,2017,"39,071 mi.",Gasoline,None reported,"$67,900"
Mazda,1999,"96,680 mi.",Gasoline,At least 1 accident or damage reported,"$12,900"
Mercedes-Benz,2017,"53,500 mi.",Gasoline,At least 1 accident or damage reported,"$33,999"
Chevrolet,2007,"11,025 mi.",Gasoline,None reported,"$47,500"
Ford,2021,"44,000 mi.",Diesel,At least 1 accident or damage reported,"$73,000"
Volkswagen,2022,"11,000 mi.",Gasoline,None reported,"$27,900"
BMW,2012,"103,000 mi.",Gasoline,None reported,"$16,000"
BMW,2024,456 mi.,Gasoline,None reported,"$128,995"
Lexus,2018,"64,000 mi.",Gasoline,None reported,"$37,300"
Audi,2017,"108,000 mi.",Gasoline,None reported,"$25,999"
Alfa,2018,"37,045 mi.",Gasoline,At least 1 accident or damage reported,"$26,600"
Land,2023,"5,433 mi.",Hybrid,None reported,"$95,998"
BMW,2019,"28,744 mi.",Gasoline,None reported,"$50,998"
BMW,2015,"65,800 mi.",Gasoline,None reported,"$44,950"
Rolls-Royce,2021,850 mi.,Gasoline,None reported,"$314,900"
Audi,2019,"33,012 mi.",,None reported,"$38,000"
Lexus,2011,"107,818 mi.",Gasoline,At least 1 accident or damage reported,"$11,400"
Land,2016,"79,500 mi.",Gasoline,None reported,"$19,000"
Ferrari,2015,"20,000 mi.",Gasoline,At least 1 accident or damage reported,"$124,990"
Lexus,2018,"37,000 mi.",Gasoline,None reported,"$63,997"
Kia,2022,"11,945 mi.",,None reported,"$38,998"
GMC,2005,"131,800 mi.",Gasoline,At least 1 accident or damage reported,"$5,800"
Lexus,2008,"146,000 mi.",Gasoline,None reported,"$8,995"
Nissan,2010,"29,000 mi.",Gasoline,None reported,"$29,000"
Dodge,2004,"141,209 mi.",Gasoline,None reported,"$5,700"
Ford,2016,"85,253 mi.",Gasoline,None reported,"$19,995"
INFINITI,2015,"87,009 mi.",Gasoline,None reported,"$17,800"
BMW,2023,"4,348 mi.",Gasoline,None reported,"$105,900"
Lincoln,2016,"158,000 mi.",Gasoline,None reported,"$19,780"
Volvo,2020,"10,500 mi.",Gasoline,None reported,"$36,000"
Audi,2018,"45,843 mi.",Gasoline,None reported,"$37,000"
Ford,2021,"15,198 mi.",Gasoline,None reported,"$31,621"
Volkswagen,2001,"220,000 mi.",Gasoline,None reported,"$5,500"
Jaguar,2017,"58,000 mi.",Gasoline,None reported,"$51,500"
Land,2020,"30,424 mi.",Hybrid,None reported,"$44,998"
RAM,2021,"38,012 mi.",Gasoline,None reported,"$45,277"
Rivian,2023,"2,500 mi.",,None reported,"$91,000"
BMW,2021,"11,078 mi.",Gasoline,None reported,"$91,900"
Lexus,2018,"50,000 mi.",Gasoline,None reported,"$65,000"
Land,2019,"58,000 mi.",Gasoline,None reported,"$38,000"
Acura,2023,"3,415 mi.",Gasoline,None reported,"$54,998"
Lexus,2018,"61,000 mi.",Gasoline,None reported,"$65,000"
Audi,2019,"48,500 mi.",Gasoline,At least 1 accident or damage reported,"$43,500"
Land,2018,"65,680 mi.",Gasoline,At least 1 accident or damage reported,"$34,900"
RAM,2020,"44,362 mi.",Gasoline,None reported,"$50,658"
Audi,2019,"18,603 mi.",Gasoline,None reported,"$42,900"
Audi,2020,"35,999 mi.",Hybrid,None reported,"$59,598"
Cadillac,2021,"8,044 mi.",Gasoline,None reported,"$93,000"
Mercedes-Benz,2016,"9,738 mi.",Gasoline,None reported,"$85,500"
BMW,2009,"112,000 mi.",Gasoline,At least 1 accident or damage reported,"$28,000"
Honda,2009,"167,300 mi.",Gasoline,None reported,"$6,250"
Rolls-Royce,2022,115 mi.,Gasoline,None reported,"$449,995"
Cadillac,2015,"71,000 mi.",Gasoline,At least 1 accident or damage reported,"$35,999"
Acura,2020,"31,015 mi.",Gasoline,None reported,"$36,570"
BMW,2022,"33,000 mi.",Gasoline,None reported,"$29,999"
Chrysler,2017,"63,000 mi.",–,None reported,"$20,000"
Buick,2013,"68,325 mi.",E85 Flex Fuel,None reported,"$11,995"
Mercedes-Benz,2020,"20,937 mi.",Gasoline,None reported,"$104,900"
RAM,2021,"34,365 mi.",Gasoline,At least 1 accident or damage reported,"$48,000"
Mercedes-Benz,2018,"32,000 mi.",Gasoline,None reported,"$44,900"
Land,2020,"40,237 mi.",Gasoline,None reported,"$36,998"
Volvo,2020,"22,500 mi.",Gasoline,None reported,"$50,000"
Ford,2020,"58,700 mi.",Gasoline,At least 1 accident or damage reported,"$48,999"
Toyota,2006,"264,893 mi.",Hybrid,At least 1 accident or damage reported,"$5,000"
Toyota,2005,"209,500 mi.",Gasoline,None reported,"$8,500"
Ford,2023,195 mi.,Gasoline,None reported,"$87,500"
Chevrolet,2016,"120,000 mi.",Diesel,None reported,"$19,500"
Chevrolet,2022,"14,676 mi.",,None reported,"$33,000"
Jeep,2021,"33,704 mi.",Hybrid,None reported,"$42,998"
BMW,2023,"2,950 mi.",Hybrid,None reported,"$87,000"
Mercedes-Benz,2021,"17,994 mi.",Gasoline,None reported,"$87,500"
Toyota,2020,"44,101 mi.",Gasoline,None reported,"$45,423"
BMW,2021,"25,918 mi.",Gasoline,None reported,"$32,000"
BMW,2008,"87,000 mi.",Gasoline,None reported,"$15,300"
Mazda,2018,"28,333 mi.",Gasoline,None reported,"$20,500"
Audi,2018,"29,294 mi.",Gasoline,None reported,"$39,999"
Saturn,2008,"37,000 mi.",Gasoline,None reported,"$14,995"
BMW,2005,"138,000 mi.",Gasoline,None reported,"$9,950"
Volvo,2020,"44,487 mi.",Plug-In Hybrid,None reported,"$65,000"
Acura,2021,"16,878 mi.",Gasoline,None reported,"$38,781"
Acura,2022,"30,177 mi.",Gasoline,None reported,"$46,598"
Chevrolet,2021,"53,000 mi.",Gasoline,At least 1 accident or damage reported,"$67,100"
Tesla,2021,"61,308 mi.",,None reported,"$42,000"
Mercedes-Benz,2013,"99,200 mi.",Gasoline,,"$11,495"
Chevrolet,2022,"32,117 mi.",Gasoline,None reported,"$33,299"
BMW,2013,"79,341 mi.",Gasoline,None reported,"$16,800"
Land,2007,"220,000 mi.",Gasoline,None reported,"$5,750"
BMW,2021,"16,900 mi.",Gasoline,None reported,"$43,000"
Porsche,2007,"75,137 mi.",Gasoline,At least 1 accident or damage reported,"$24,999"
Ford,2021,"37,594 mi.",Gasoline,None reported,"$62,595"
Rivian,2023,250 mi.,,,"$94,000"
Mercedes-Benz,2021,"12,771 mi.",Gasoline,None reported,"$42,598"
Ford,2012,"6,400 mi.",Gasoline,None reported,"$48,000"
Tesla,2021,"69,548 mi.",,At least 1 accident or damage reported,"$36,300"
Nissan,2009,"79,893 mi.",Gasoline,None reported,"$15,900"
Toyota,2014,"124,838 mi.",Gasoline,None reported,"$33,000"
Nissan,2020,"14,353 mi.",Gasoline,None reported,"$63,900"
Ford,2022,"22,985 mi.",Gasoline,None reported,"$33,500"
INFINITI,2014,"161,894 mi.",Gasoline,None reported,"$18,900"
Aston,2008,"25,025 mi.",Gasoline,At least 1 accident or damage reported,"$39,000"
Porsche,2017,"16,701 mi.",Gasoline,None reported,"$107,998"
Lotus,2017,"19,650 mi.",Gasoline,None reported,"$69,250"
Land,2020,"29,500 mi.",Gasoline,None reported,"$45,000"
Nissan,2007,"132,272 mi.",Gasoline,At least 1 accident or damage reported,"$6,700"
Dodge,2012,"122,000 mi.",Gasoline,At least 1 accident or damage reported,"$13,500"
Buick,2022,"18,185 mi.",Gasoline,None reported,"$31,755"
Nissan,2018,"56,450 mi.",,At least 1 accident or damage reported,"$13,999"
Nissan,2012,"102,000 mi.",,None reported,"$4,200"
Jeep,2022,"18,428 mi.",Gasoline,None reported,"$83,998"
Nissan,2023,535 mi.,Gasoline,None reported,"$65,990"
Land,2013,"81,648 mi.",Gasoline,None reported,"$15,900"
Porsche,2003,"138,202 mi.",Gasoline,At least 1 accident or damage reported,"$22,550"
Bentley,2004,"69,600 mi.",Gasoline,None reported,"$37,900"
Jaguar,2018,"39,900 mi.",Gasoline,None reported,"$53,600"
Cadillac,2021,"36,500 mi.",Gasoline,None reported,"$85,000"
Audi,2018,"42,650 mi.",Gasoline,None reported,"$31,990"
Jeep,2020,"68,816 mi.",Gasoline,None reported,"$35,297"
Audi,2016,"91,188 mi.",Gasoline,None reported,"$29,995"
GMC,2015,"116,210 mi.",E85 Flex Fuel,None reported,"$31,900"
Tesla,2022,"3,077 mi.",,None reported,"$44,998"
Mazda,2024,"3,880 mi.",Gasoline,None reported,"$52,991"
Ford,2017,"67,482 mi.",Plug-In Hybrid,At least 1 accident or damage reported,"$11,499"
Cadillac,2018,"67,726 mi.",Gasoline,None reported,"$52,000"
Audi,2008,"207,000 mi.",Gasoline,At least 1 accident or damage reported,"$10,500"
Hyundai,2021,"35,550 mi.",Gasoline,At least 1 accident or damage reported,"$25,987"
Mercedes-Benz,2016,"44,000 mi.",Gasoline,None reported,"$46,599"
Mercedes-Benz,2015,"11,249 mi.",Gasoline,None reported,"$54,500"
Acura,2014,"111,650 mi.",Gasoline,At least 1 accident or damage reported,"$17,500"
RAM,2019,"18,526 mi.",Diesel,None reported,"$67,999"
Audi,2012,"103,272 mi.",Gasoline,None reported,"$15,500"
BMW,2023,"1,160 mi.",Gasoline,None reported,"$73,600"
RAM,2019,"107,714 mi.",Gasoline,None reported,"$34,918"
Audi,2013,"111,773 mi.",Gasoline,None reported,"$17,000"
Cadillac,2019,"54,002 mi.",Gasoline,At least 1 accident or damage reported,"$22,500"
Volkswagen,2016,"87,000 mi.",Gasoline,At least 1 accident or damage reported,"$13,000"
Ford,2016,"49,700 mi.",Gasoline,None reported,"$31,700"
Mercedes-Benz,2017,"34,500 mi.",Gasoline,None reported,"$64,600"
Ford,2021,"31,729 mi.",Gasoline,At least 1 accident or damage reported,"$29,614"
Jeep,2021,"7,388 mi.",Gasoline,None reported,"$43,663"
BMW,2017,"41,550 mi.",Plug-In Hybrid,None reported,"$20,995"
Mercedes-Benz,2018,"44,486 mi.",Gasoline,None reported,"$25,625"
Acura,2013,"20,750 mi.",Gasoline,None reported,"$33,000"
Genesis,2022,"12,000 mi.",Gasoline,None reported,"$41,000"
Lexus,2021,"14,206 mi.",Gasoline,None reported,"$98,000"
Jeep,2022,"31,700 mi.",Gasoline,None reported,"$43,500"
Hyundai,2022,"13,044 mi.",Plug-In Hybrid,At least 1 accident or damage reported,"$24,999"
Kia,2009,"100,730 mi.",Gasoline,None reported,"$6,975"
BMW,2023,"5,338 mi.",Plug-In Hybrid,None reported,"$76,500"
Ford,2014,"85,149 mi.",Gasoline,None reported,"$23,598"
BMW,2018,"48,291 mi.",Gasoline,None reported,"$67,250"
Volkswagen,2001,"111,887 mi.",Gasoline,None reported,"$14,000"
Rolls-Royce,2010,"79,000 mi.",Gasoline,None reported,"$69,000"
Lincoln,2016,"125,000 mi.",Gasoline,None reported,"$26,500"
Mercedes-Benz,2022,"13,777 mi.",Gasoline,At least 1 accident or damage reported,"$39,777"
RAM,2022,"14,920 mi.",Gasoline,None reported,"$41,741"
Jeep,2022,"14,627 mi.",Gasoline,None reported,"$56,740"
Volvo,2010,"90,050 mi.",Gasoline,None reported,"$5,800"
Subaru,2014,"45,000 mi.",Gasoline,At least 1 accident or damage reported,"$25,000"
Chevrolet,1998,"7,666 mi.",Gasoline,None reported,"$39,500"
Hummer,2006,"89,900 mi.",Gasoline,None reported,"$29,994"
Audi,2021,"14,724 mi.",Hybrid,None reported,"$101,998"
Ford,2011,"132,000 mi.",Gasoline,At least 1 accident or damage reported,"$10,999"
GMC,2010,"32,652 mi.",Gasoline,None reported,"$6,500"
Land,2018,"36,632 mi.",Gasoline,,"$72,567"
Jeep,2022,"11,164 mi.",Gasoline,None reported,"$37,500"
BMW,2020,"22,655 mi.",Gasoline,None reported,"$63,999"
Mercedes-Benz,2019,"9,500 mi.",Gasoline,None reported,"$135,000"
Chevrolet,2021,"10,300 mi.",Gasoline,None reported,"$29,900"
BMW,2018,"48,000 mi.",Gasoline,None reported,"$54,000"
Mercedes-Benz,2007,"138,000 mi.",Gasoline,At least 1 accident or damage reported,"$10,000"
RAM,2022,"24,058 mi.",Gasoline,None reported,"$81,900"
Audi,2016,"31,500 mi.",Gasoline,None reported,"$67,000"
Porsche,2020,"19,701 mi.",Gasoline,None reported,"$55,998"
Genesis,2022,"10,200 mi.",Gasoline,None reported,"$50,500"
Aston,2008,"62,378 mi.",Gasoline,At least 1 accident or damage reported,"$33,995"
Nissan,2006,"84,200 mi.",Gasoline,None reported,"$10,200"
Toyota,2013,"138,700 mi.",E85 Flex Fuel,At least 1 accident or damage reported,"$18,800"
Chevrolet,2021,"41,050 mi.",Gasoline,None reported,"$62,900"
Jeep,2020,"39,192 mi.",Gasoline,None reported,"$24,590"
BMW,2022,"7,758 mi.",Gasoline,None reported,"$47,998"
Ford,2021,"31,654 mi.",Gasoline,None reported,"$33,410"
Mercedes-Benz,2017,"63,000 mi.",Gasoline,At least 1 accident or damage reported,"$42,000"
Volvo,2005,"257,700 mi.",Gasoline,None reported,"$3,550"
Mercedes-Benz,2017,"57,000 mi.",Gasoline,At least 1 accident or damage reported,"$29,500"
Chevrolet,2017,"89,000 mi.",Gasoline,None reported,"$29,999"
Chevrolet,2015,"134,500 mi.",Gasoline,None reported,"$28,000"
Acura,2022,"15,895 mi.",Gasoline,None reported,"$47,950"
Bentley,2020,"15,109 mi.",Gasoline,,"$162,950"
Rolls-Royce,2022,398 mi.,Gasoline,None reported,"$695,000"
Genesis,2022,"20,319 mi.",Gasoline,None reported,"$44,249"
Pontiac,1999,"158,000 mi.",Gasoline,At least 1 accident or damage reported,"$2,500"
Lexus,2021,"40,906 mi.",Gasoline,None reported,"$51,998"
BMW,2020,"33,749 mi.",Gasoline,None reported,"$85,998"
BMW,2023,"1,120 mi.",Gasoline,None reported,"$92,900"
Jeep,2021,"26,088 mi.",Gasoline,None reported,"$38,383"
Kia,2022,"14,950 mi.",Gasoline,At least 1 accident or damage reported,"$24,000"
Kia,2018,"47,466 mi.",Gasoline,None reported,"$14,699"
BMW,2022,"10,376 mi.",Gasoline,None reported,"$98,900"
RAM,2021,"18,500 mi.",Gasoline,None reported,"$41,950"
Volkswagen,2021,"24,596 mi.",Gasoline,None reported,"$38,322"
Hyundai,2021,"2,905 mi.",Gasoline,None reported,"$27,599"
Jaguar,2015,"71,290 mi.",Gasoline,At least 1 accident or damage reported,"$21,000"
Audi,2022,"15,000 mi.",Hybrid,None reported,"$63,000"
INFINITI,2017,"37,900 mi.",Gasoline,None reported,"$22,000"
Mercedes-Benz,2022,"2,000 mi.",Gasoline,,"$244,896"
Mercedes-Benz,2019,"32,500 mi.",Gasoline,None reported,"$43,500"
Mitsubishi,2003,"61,491 mi.",Gasoline,At least 1 accident or damage reported,"$28,000"
Jeep,2013,"77,634 mi.",Gasoline,None reported,"$24,590"
Audi,2015,"83,000 mi.",Diesel,At least 1 accident or damage reported,"$18,999"
Volkswagen,2002,"121,800 mi.",Gasoline,None reported,"$4,300"
BMW,2020,"65,852 mi.",Gasoline,None reported,"$68,998"
Bentley,2023,"1,335 mi.",Gasoline,None reported,"$272,950"
Mercedes-Benz,2014,"83,315 mi.",Gasoline,None reported,"$15,000"
BMW,2019,"18,421 mi.",Plug-In Hybrid,,"$85,000"
Lexus,2015,"101,000 mi.",Hybrid,At least 1 accident or damage reported,"$16,500"
Toyota,2022,"29,322 mi.",Gasoline,None reported,"$44,999"
Mercedes-Benz,2019,"23,900 mi.",Gasoline,None reported,"$35,999"
Mercedes-Benz,2016,"40,515 mi.",Gasoline,At least 1 accident or damage reported,"$47,999"
Ford,2020,"67,516 mi.",Gasoline,None reported,"$36,994"
Mazda,2010,"155,000 mi.",Gasoline,None reported,"$8,300"
Honda,2019,"26,998 mi.",Gasoline,None reported,"$35,557"
Bentley,2018,"18,500 mi.",Gasoline,None reported,"$115,000"
MINI,2009,"137,600 mi.",Gasoline,None reported,"$6,880"
Nissan,2005,"125,500 mi.",Gasoline,None reported,"$3,950"
Bentley,2019,"22,039 mi.",Gasoline,None reported,"$113,990"
Nissan,2011,"137,483 mi.",Gasoline,None reported,"$3,200"
Ford,2019,"67,500 mi.",Gasoline,None reported,"$40,500"
Ford,2020,"52,000 mi.",Gasoline,At least 1 accident or damage reported,"$53,722"
Lamborghini,2006,"10,000 mi.",Gasoline,None reported,"$259,000"
Chevrolet,2017,"195,361 mi.",Gasoline,At least 1 accident or damage reported,"$26,000"
Bentley,2018,"32,500 mi.",Gasoline,At least 1 accident or damage reported,"$103,000"
BMW,2019,"14,806 mi.",Gasoline,At least 1 accident or damage reported,"$81,330"
Genesis,2022,"11,000 mi.",Gasoline,At least 1 accident or damage reported,"$48,950"
Chevrolet,2011,"92,530 mi.",E85 Flex Fuel,At least 1 accident or damage reported,"$18,500"
Dodge,2017,"34,845 mi.",Gasoline,At least 1 accident or damage reported,"$30,000"
Porsche,2018,"16,280 mi.",Gasoline,None reported,"$85,500"
Porsche,2011,"77,000 mi.",Gasoline,None reported,"$32,000"
Porsche,2010,"63,000 mi.",Gasoline,At least 1 accident or damage reported,"$38,500"
Lexus,2016,"39,700 mi.",Gasoline,None reported,"$25,500"
Kia,2013,"103,111 mi.",Hybrid,At least 1 accident or damage reported,"$9,200"
Land,2019,"75,897 mi.",Gasoline,None reported,"$35,998"
Jaguar,2017,"55,000 mi.",Gasoline,None reported,"$34,000"
Lexus,2005,"114,000 mi.",Gasoline,At least 1 accident or damage reported,"$13,450"
Mercedes-Benz,2011,"80,124 mi.",Gasoline,None reported,"$17,500"
BMW,2023,"7,000 mi.",Gasoline,None reported,"$144,900"
RAM,2023,"4,285 mi.",Gasoline,None reported,"$65,688"
Lamborghini,2019,"17,175 mi.",Gasoline,None reported,"$234,900"
Toyota,2017,"34,049 mi.",Hybrid,None reported,"$37,999"
Audi,2019,"16,000 mi.",,At least 1 accident or damage reported,"$39,990"
GMC,1996,"95,000 mi.",Gasoline,None reported,"$25,000"
Land,2020,"59,355 mi.",Gasoline,None reported,"$72,995"
Chevrolet,2022,"31,000 mi.",,None reported,"$36,000"
BMW,2019,"19,300 mi.",Gasoline,None reported,"$36,000"
Cadillac,2009,"155,000 mi.",E85 Flex Fuel,At least 1 accident or damage reported,"$16,900"
Scion,2010,"120,010 mi.",Gasoline,At least 1 accident or damage reported,"$6,500"
Kia,2012,"152,520 mi.",Gasoline,None reported,"$10,900"
Honda,1993,"58,981 mi.",–,None reported,"$9,599"
Maserati,2005,"32,000 mi.",Gasoline,At least 1 accident or damage reported,"$2,954,083"
Porsche,2015,"47,000 mi.",Gasoline,None reported,"$50,000"
Genesis,2023,"2,046 mi.",Gasoline,None reported,"$43,499"
Chevrolet,2021,"24,965 mi.",Gasoline,At least 1 accident or damage reported,"$22,995"
Toyota,2005,"108,000 mi.",Gasoline,None reported,"$7,850"
Toyota,2015,"76,000 mi.",Gasoline,None reported,"$18,300"
Porsche,2014,"30,000 mi.",Gasoline,None reported,"$78,500"
Volvo,2015,"59,271 mi.",Gasoline,None reported,"$29,900"
Lexus,2023,"1,500 mi.",Gasoline,,"$119,500"
BMW,2017,"52,500 mi.",Plug-In Hybrid,At least 1 accident or damage reported,"$24,950"
Tesla,2020,"23,100 mi.",,None reported,"$36,495"
FIAT,2017,"45,000 mi.",Gasoline,At least 1 accident or damage reported,"$22,500"
Dodge,2002,"179,000 mi.",Gasoline,At least 1 accident or damage reported,"$6,500"
Toyota,2023,"1,500 mi.",Gasoline,None reported,"$84,900"
BMW,2022,"38,671 mi.",Hybrid,None reported,"$66,998"
Jeep,2007,"135,465 mi.",Gasoline,None reported,"$15,750"
MINI,2014,"79,000 mi.",Gasoline,None reported,"$17,000"
Nissan,2012,"42,259 mi.",Gasoline,At least 1 accident or damage reported,"$17,000"
Toyota,2006,"159,890 mi.",Gasoline,At least 1 accident or damage reported,"$6,500"
Maserati,2023,"2,200 mi.",Hybrid,None reported,"$75,000"
Lexus,2022,"15,833 mi.",Hybrid,None reported,"$52,000"
BMW,2013,"96,000 mi.",Gasoline,At least 1 accident or damage reported,"$13,500"
BMW,2009,"72,900 mi.",Gasoline,None reported,"$15,500"
BMW,2021,"7,121 mi.",Gasoline,None reported,"$94,998"
Hyundai,2023,"3,402 mi.",Hybrid,None reported,"$44,000"
Volvo,2013,"73,000 mi.",Gasoline,None reported,"$13,900"
Karma,2018,"21,000 mi.",,None reported,"$51,000"
BMW,2021,"30,309 mi.",Hybrid,None reported,"$63,598"
Ford,2021,"24,000 mi.",,None reported,"$38,000"
BMW,2016,"73,000 mi.",Gasoline,None reported,"$23,999"
Ford,2019,"26,465 mi.",Gasoline,None reported,"$24,998"
Volkswagen,2020,"26,870 mi.",Gasoline,At least 1 accident or damage reported,"$34,645"
Honda,2004,"184,000 mi.",Gasoline,At least 1 accident or damage reported,"$10,500"
BMW,2022,"4,514 mi.",Gasoline,None reported,"$132,998"
RAM,2022,"1,300 mi.",Gasoline,None reported,"$48,000"
Jeep,2018,"49,924 mi.",Gasoline,None reported,"$26,500"
GMC,2019,"36,526 mi.",Gasoline,None reported,"$57,850"
BMW,2015,"37,000 mi.",Gasoline,None reported,"$45,950"
Acura,2017,"79,884 mi.",Gasoline,At least 1 accident or damage reported,"$24,840"
Volkswagen,2016,"30,000 mi.",Gasoline,At least 1 accident or damage reported,"$19,000"
BMW,2021,"11,102 mi.",Gasoline,None reported,"$101,000"
Ford,2012,"105,500 mi.",Gasoline,None reported,"$19,000"
BMW,2019,"31,157 mi.",Gasoline,None reported,"$65,998"
Kia,2019,"86,204 mi.",Gasoline,At least 1 accident or damage reported,"$20,708"
BMW,2014,"80,211 mi.",Gasoline,At least 1 accident or damage reported,"$17,995"
Aston,2010,"25,991 mi.",Gasoline,None reported,"$69,995"
Mercedes-Benz,2008,"73,000 mi.",Gasoline,None reported,"$8,400"
BMW,2018,"40,989 mi.",Gasoline,None reported,"$35,000"
Dodge,2010,"102,681 mi.",Gasoline,None reported,"$6,000"
Acura,2010,"123,000 mi.",Gasoline,At least 1 accident or damage reported,"$13,888"
Jeep,2005,"160,900 mi.",Gasoline,At least 1 accident or damage reported,"$7,200"
BMW,2011,"105,000 mi.",Gasoline,At least 1 accident or damage reported,"$21,900"
Kia,2023,"1,340 mi.",Plug-In Hybrid,None reported,"$41,000"
Ford,2021,"17,850 mi.",,None reported,"$41,999"
BMW,2011,"72,277 mi.",Gasoline,None reported,"$34,950"
Jeep,2023,"7,000 mi.",Hybrid,None reported,"$46,000"
Porsche,2022,"10,627 mi.",Gasoline,None reported,"$99,000"
Ford,2020,"67,015 mi.",Gasoline,None reported,"$28,590"
BMW,2018,"19,600 mi.",Gasoline,At least 1 accident or damage reported,"$62,000"
Ford,2022,"5,800 mi.",,None reported,"$42,500"
FIAT,2017,"33,812 mi.",,None reported,"$14,999"
Cadillac,2015,"99,897 mi.",Gasoline,None reported,"$26,950"
Mercedes-Benz,2014,"127,500 mi.",Gasoline,None reported,"$29,000"
Ford,2021,"23,842 mi.",Gasoline,None reported,"$59,203"
Rivian,2023,"2,108 mi.",,None reported,"$91,000"
BMW,2014,"65,550 mi.",Gasoline,None reported,"$39,985"
Lamborghini,2017,"22,000 mi.",Gasoline,None reported,"$210,000"
Ford,2022,"15,600 mi.",Gasoline,At least 1 accident or damage reported,"$68,995"
Lexus,2021,"22,400 mi.",Gasoline,None reported,"$81,900"
Lexus,2015,"89,150 mi.",Gasoline,None reported,"$31,900"
BMW,2023,"15,000 mi.",Gasoline,None reported,"$81,000"
Audi,2018,"49,500 mi.",Gasoline,None reported,"$25,000"
Audi,2003,"126,000 mi.",Gasoline,,"$13,850"
Volkswagen,2015,"85,385 mi.",Gasoline,None reported,"$15,550"
Cadillac,2023,"3,000 mi.",Diesel,None reported,"$123,999"
Hyundai,2018,"66,126 mi.",Gasoline,None reported,"$19,190"
Toyota,2023,"1,075 mi.",Gasoline,None reported,"$35,000"
Ford,2023,"2,489 mi.",Gasoline,None reported,"$98,900"
Hyundai,2021,"25,000 mi.",Gasoline,None reported,"$28,500"
Nissan,2017,"92,000 mi.",Gasoline,None reported,"$20,900"
Lexus,2008,"123,500 mi.",Gasoline,At least 1 accident or damage reported,"$14,500"
Cadillac,2013,"105,000 mi.",Gasoline,At least 1 accident or damage reported,"$12,000"
Audi,2008,"49,000 mi.",Gasoline,None reported,"$63,000"
Jaguar,2020,"28,357 mi.",Gasoline,None reported,"$47,598"
Chevrolet,2018,"81,000 mi.",E85 Flex Fuel,None reported,"$32,000"
Ford,2021,"45,000 mi.",Gasoline,None reported,"$52,000"
Toyota,2011,"173,456 mi.",E85 Flex Fuel,At least 1 accident or damage reported,"$16,000"
BMW,2021,"13,700 mi.",Hybrid,,"$60,000"
Audi,2019,"93,400 mi.",Hybrid,None reported,"$42,500"
Toyota,2015,"90,000 mi.",Gasoline,None reported,"$18,200"
Porsche,2017,"40,600 mi.",Gasoline,None reported,"$32,000"
Lexus,2023,"20,121 mi.",Gasoline,None reported,"$47,124"
Mercedes-Benz,2020,"3,921 mi.",Gasoline,None reported,"$175,000"
Lexus,2011,"187,450 mi.",Gasoline,At least 1 accident or damage reported,"$10,400"
Toyota,2021,"6,400 mi.",Gasoline,None reported,"$68,000"
Mercedes-Benz,2017,"54,500 mi.",Gasoline,None reported,"$37,995"
BMW,2017,"78,500 mi.",Gasoline,At least 1 accident or damage reported,"$42,000"
Chevrolet,2018,"75,000 mi.",Gasoline,None reported,"$36,000"
Ford,2014,"89,988 mi.",Gasoline,At least 1 accident or damage reported,"$42,500"
Subaru,2005,"107,000 mi.",Gasoline,None reported,"$7,100"
Alfa,2019,"21,400 mi.",Gasoline,None reported,"$28,500"
Mazda,2007,"83,150 mi.",Gasoline,None reported,"$6,950"
Ford,2018,"92,000 mi.",Diesel,At least 1 accident or damage reported,"$36,500"
Mercedes-Benz,2021,"15,042 mi.",Gasoline,None reported,"$54,599"
Audi,2017,"39,000 mi.",Gasoline,At least 1 accident or damage reported,"$35,000"
RAM,2017,"67,483 mi.",Gasoline,At least 1 accident or damage reported,"$46,500"
Tesla,2015,"62,089 mi.",,None reported,"$29,975"
Audi,2017,"54,300 mi.",Gasoline,None reported,"$53,500"
Hyundai,2022,"30,565 mi.",Hybrid,None reported,"$29,000"
Audi,2016,"142,666 mi.",Gasoline,At least 1 accident or damage reported,"$22,000"
Ford,2009,"166,200 mi.",Gasoline,At least 1 accident or damage reported,"$6,999"
INFINITI,2015,"88,977 mi.",Hybrid,At least 1 accident or damage reported,"$19,977"
BMW,2011,"114,890 mi.",Gasoline,None reported,"$20,990"
Mercedes-Benz,2009,"171,000 mi.",Gasoline,At least 1 accident or damage reported,"$4,750"
Ford,2019,"90,067 mi.",Gasoline,None reported,"$28,590"
Chevrolet,2014,"97,579 mi.",Gasoline,At least 1 accident or damage reported,"$15,000"
Mazda,2017,"52,000 mi.",Gasoline,At least 1 accident or damage reported,"$20,500"
Jeep,2021,"25,968 mi.",Gasoline,None reported,"$38,405"
MINI,2016,"41,680 mi.",Gasoline,None reported,"$17,495"
Saab,2002,"77,200 mi.",Gasoline,None reported,"$7,500"
BMW,2019,"50,000 mi.",Gasoline,None reported,"$43,000"
Porsche,2021,"21,613 mi.",Gasoline,None reported,"$58,998"
Audi,2022,"17,377 mi.",Gasoline,None reported,"$39,998"
GMC,2020,"30,426 mi.",Gasoline,,"$29,645"
Audi,2005,"153,000 mi.",Gasoline,At least 1 accident or damage reported,"$6,500"
Mercury,2004,"56,600 mi.",Gasoline,None reported,"$23,000"
Hyundai,2015,"116,612 mi.",Gasoline,At least 1 accident or damage reported,"$12,700"
Audi,2018,"72,000 mi.",Gasoline,At least 1 accident or damage reported,"$30,000"
Audi,2019,"39,000 mi.",Hybrid,None reported,"$50,000"
Lincoln,2008,"149,000 mi.",Gasoline,None reported,"$10,099"
BMW,2018,"19,300 mi.",Gasoline,None reported,"$64,000"
Mazda,2021,"27,836 mi.",Gasoline,None reported,"$36,969"
Chevrolet,2023,"3,273 mi.",Gasoline,None reported,"$78,999"
Ford,2017,"74,349 mi.",Gasoline,None reported,"$36,000"
Ford,2019,"85,000 mi.",Diesel,At least 1 accident or damage reported,"$55,000"
Ferrari,2022,"2,250 mi.",Gasoline,None reported,"$259,500"
Mercedes-Benz,2017,"46,100 mi.",Gasoline,At least 1 accident or damage reported,"$33,000"
Hyundai,2019,"49,500 mi.",Gasoline,None reported,"$28,000"
Mercedes-Benz,2012,"31,130 mi.",Gasoline,None reported,"$23,500"
Ford,2008,"149,460 mi.",Diesel,At least 1 accident or damage reported,"$12,240"
Mercury,2003,"90,000 mi.",Gasoline,At least 1 accident or damage reported,"$15,500"
Ford,2021,"48,000 mi.",E85 Flex Fuel,None reported,"$57,000"
Mercedes-Benz,2013,"98,000 mi.",Gasoline,At least 1 accident or damage reported,"$15,500"
Volkswagen,2022,"18,655 mi.",Gasoline,None reported,"$38,698"
Chevrolet,2006,"60,000 mi.",Gasoline,At least 1 accident or damage reported,"$24,950"
Chevrolet,2014,"169,500 mi.",E85 Flex Fuel,None reported,"$15,000"
Mitsubishi,2008,"189,500 mi.",Gasoline,None reported,"$6,000"
Toyota,2016,"91,000 mi.",Gasoline,None reported,"$68,500"
Genesis,2022,"7,396 mi.",Gasoline,None reported,"$41,299"
Toyota,2004,"229,450 mi.",Gasoline,None reported,"$8,250"
Maserati,2023,"8,603 mi.",Gasoline,None reported,"$125,900"
Audi,2014,"49,098 mi.",Gasoline,At least 1 accident or damage reported,"$44,900"
Nissan,2022,"21,212 mi.",Gasoline,None reported,"$28,906"
Porsche,2010,"62,743 mi.",Gasoline,None reported,"$28,600"
BMW,2021,"24,300 mi.",Hybrid,None reported,"$49,999"
Cadillac,2010,"104,000 mi.",E85 Flex Fuel,None reported,"$19,500"
Volvo,2020,"46,250 mi.",Gasoline,At least 1 accident or damage reported,"$27,800"
Mazda,2023,"1,930 mi.",Gasoline,At least 1 accident or damage reported,"$40,655"
Chrysler,2022,"61,494 mi.",Hybrid,None reported,"$35,850"
Jeep,2020,"24,040 mi.",Gasoline,None reported,"$35,273"
Toyota,2001,"231,581 mi.",Gasoline,None reported,"$4,300"
Ford,2019,"81,000 mi.",Gasoline,None reported,"$38,500"
Ford,1974,"6,217 mi.",–,None reported,"$115,000"
Land,2022,"23,568 mi.",Gasoline,None reported,"$44,998"
Mazda,2020,"78,700 mi.",Gasoline,None reported,"$18,000"
Kia,2015,"109,580 mi.",Gasoline,At least 1 accident or damage reported,"$11,900"
Lexus,2009,"178,000 mi.",Gasoline,At least 1 accident or damage reported,"$4,500"
Mitsubishi,2016,"131,193 mi.",Gasoline,None reported,"$11,970"
Mercedes-Benz,2017,"106,000 mi.",Gasoline,None reported,"$25,900"
Audi,2019,"28,211 mi.",Gasoline,At least 1 accident or damage reported,"$27,500"
Audi,2015,"91,403 mi.",E85 Flex Fuel,None reported,"$14,998"
Mercedes-Benz,2016,"88,600 mi.",Gasoline,At least 1 accident or damage reported,"$16,800"
INFINITI,2011,"84,900 mi.",Gasoline,,"$22,450"
Kia,2021,"11,154 mi.",Gasoline,None reported,"$28,998"
BMW,2018,"45,090 mi.",Plug-In Hybrid,At least 1 accident or damage reported,"$30,750"
Mercedes-Benz,2003,"33,272 mi.",Gasoline,At least 1 accident or damage reported,"$11,900"
Jeep,2003,"71,000 mi.",Gasoline,None reported,"$12,499"
Kia,2020,"55,400 mi.",Gasoline,,"$36,500"
Land,2012,"141,525 mi.",Gasoline,None reported,"$14,490"
Jaguar,2007,"50,000 mi.",Gasoline,At least 1 accident or damage reported,"$21,900"
BMW,2020,"29,140 mi.",Gasoline,None reported,"$71,995"
BMW,2022,"9,000 mi.",Hybrid,None reported,"$56,900"
Mercedes-Benz,2021,"5,595 mi.",Hybrid,None reported,"$83,598"
RAM,2022,"34,121 mi.",Gasoline,None reported,"$48,190"
BMW,2013,"36,750 mi.",Gasoline,None reported,"$35,999"
Mercedes-Benz,2007,"49,626 mi.",Gasoline,None reported,"$12,000"
Jeep,2017,"45,000 mi.",Gasoline,At least 1 accident or damage reported,"$16,500"
Toyota,2019,"69,350 mi.",Hybrid,None reported,"$36,000"
BMW,2022,"8,307 mi.",Gasoline,None reported,"$98,900"
BMW,2023,"4,106 mi.",Gasoline,None reported,"$84,645"
BMW,1999,"184,700 mi.",Gasoline,None reported,"$36,950"
Maserati,2018,"57,500 mi.",Gasoline,None reported,"$41,900"
Acura,2021,"29,000 mi.",Gasoline,None reported,"$39,650"
Mercedes-Benz,2015,"61,675 mi.",Gasoline,At least 1 accident or damage reported,"$19,000"
Mercedes-Benz,2021,"33,300 mi.",Diesel,None reported,"$45,000"
Cadillac,2014,"62,950 mi.",Gasoline,At least 1 accident or damage reported,"$17,498"
Chevrolet,2015,"56,675 mi.",Gasoline,None reported,"$19,750"
Porsche,2013,"92,000 mi.",Gasoline,None reported,"$23,000"
Dodge,2005,"96,000 mi.",Gasoline,At least 1 accident or damage reported,"$12,000"
INFINITI,2014,"33,500 mi.",Gasoline,None reported,"$23,000"
Land,2020,"16,754 mi.",Gasoline,None reported,"$112,000"
Toyota,2007,"53,249 mi.",Hybrid,At least 1 accident or damage reported,"$9,250"
GMC,2016,"119,000 mi.",Gasoline,None reported,"$12,500"
Lincoln,2021,"29,336 mi.",Gasoline,None reported,"$36,999"
RAM,2017,"86,000 mi.",Diesel,At least 1 accident or damage reported,"$41,000"
RAM,2014,"177,000 mi.",Diesel,At least 1 accident or damage reported,"$40,500"
Mercedes-Benz,2013,"93,500 mi.",Gasoline,At least 1 accident or damage reported,"$15,900"
BMW,2018,"47,700 mi.",Gasoline,At least 1 accident or damage reported,"$54,999"
Ford,2003,"97,496 mi.",Gasoline,,"$24,500"
Acura,2022,"16,120 mi.",Gasoline,None reported,"$26,599"
Buick,2005,"147,589 mi.",Gasoline,At least 1 accident or damage reported,"$2,800"
Cadillac,2013,"95,570 mi.",E85 Flex Fuel,At least 1 accident or damage reported,"$22,000"
Mercedes-Benz,2018,"45,791 mi.",Gasoline,None reported,"$52,000"
INFINITI,2016,"60,000 mi.",Gasoline,At least 1 accident or damage reported,"$25,950"
Buick,2019,"50,000 mi.",Gasoline,None reported,"$18,795"
Mercedes-Benz,2019,"33,481 mi.",Gasoline,None reported,"$43,999"
Jeep,2010,"107,000 mi.",Gasoline,None reported,"$5,900"
Mercedes-Benz,2011,"60,000 mi.",Gasoline,At least 1 accident or damage reported,"$37,000"
Audi,2016,"55,000 mi.",Gasoline,None reported,"$28,000"
Mazda,2022,"4,004 mi.",Gasoline,None reported,"$25,500"
Bentley,2009,"57,800 mi.",Gasoline,,"$59,400"
Bentley,2022,"10,972 mi.",Gasoline,None reported,"$217,950"
Bentley,2022,"27,858 mi.",Gasoline,None reported,"$197,750"
Porsche,2018,"31,678 mi.",Gasoline,None reported,"$106,798"
Volkswagen,2016,"47,144 mi.",Gasoline,None reported,"$29,950"
Hyundai,2011,"165,454 mi.",Gasoline,At least 1 accident or damage reported,"$4,000"
Ford,2018,"98,000 mi.",Gasoline,At least 1 accident or damage reported,"$25,500"
Hyundai,2020,"39,913 mi.",Gasoline,None reported,"$22,749"
Ford,2013,"147,191 mi.",Gasoline,At least 1 accident or damage reported,"$12,990"
BMW,2014,"53,600 mi.",Gasoline,None reported,"$25,980"
Dodge,2010,"100,100 mi.",–,None reported,"$17,000"
Mercedes-Benz,2020,"1,750 mi.",Gasoline,None reported,"$199,995"
Dodge,2020,"2,750 mi.",Gasoline,None reported,"$104,500"
Porsche,2013,"40,800 mi.",Gasoline,None reported,"$35,500"
Porsche,2018,"36,798 mi.",Gasoline,At least 1 accident or damage reported,"$49,500"
Ford,2021,"77,699 mi.",Diesel,,"$49,883"
Ford,2010,"87,500 mi.",Gasoline,At least 1 accident or damage reported,"$14,900"
Chevrolet,2020,"93,000 mi.",Gasoline,None reported,"$38,500"
Mercedes-Benz,2018,"41,515 mi.",Gasoline,None reported,"$28,251"
RAM,2019,"19,000 mi.",E85 Flex Fuel,At least 1 accident or damage reported,"$33,242"
Toyota,2023,"1,539 mi.",Hybrid,At least 1 accident or damage reported,"$76,373"
BMW,2018,"31,090 mi.",Gasoline,At least 1 accident or damage reported,"$68,000"
Mazda,2022,"21,701 mi.",Gasoline,None reported,"$25,099"
Nissan,2016,"97,726 mi.",Gasoline,At least 1 accident or damage reported,"$15,998"
Audi,2015,"73,000 mi.",Diesel,None reported,"$34,000"
Genesis,2020,"23,600 mi.",Gasoline,None reported,"$31,900"
Rolls-Royce,2016,"8,755 mi.",Gasoline,None reported,"$166,900"
BMW,2019,"20,500 mi.",Gasoline,None reported,"$67,900"
Ford,2013,"57,912 mi.",Gasoline,At least 1 accident or damage reported,"$18,750"
BMW,2009,"35,000 mi.",Gasoline,None reported,"$18,500"
Nissan,2023,"7,089 mi.",,At least 1 accident or damage reported,"$29,895"
Lincoln,2019,"35,469 mi.",Gasoline,,"$30,890"
Kia,2022,"14,676 mi.",Gasoline,None reported,"$46,787"
Lincoln,2022,"13,750 mi.",Gasoline,None reported,"$79,999"
Mercedes-Benz,2015,"13,300 mi.",Gasoline,None reported,"$62,500"
Chevrolet,2017,"117,000 mi.",Gasoline,None reported,"$27,000"
Audi,2020,"27,100 mi.",Hybrid,None reported,"$50,000"
Ford,2017,"89,352 mi.",Gasoline,At least 1 accident or damage reported,"$20,989"
Chevrolet,2018,"100,000 mi.",Gasoline,At least 1 accident or damage reported,"$8,500"
Land,2020,"16,000 mi.",Hybrid,None reported,"$75,500"
Land,2023,"15,200 mi.",Gasoline,None reported,"$62,999"
BMW,2012,"39,960 mi.",Gasoline,None reported,"$38,995"
Ford,2008,"119,000 mi.",Gasoline,At least 1 accident or damage reported,"$13,500"
Kia,2022,"10,971 mi.",Gasoline,None reported,"$29,998"
Mazda,2014,"118,500 mi.",Gasoline,At least 1 accident or damage reported,"$11,500"
Kia,2021,"8,288 mi.",Gasoline,None reported,"$45,899"
Chevrolet,2023,"2,950 mi.",Gasoline,None reported,"$74,500"
Mercedes-Benz,2017,"73,000 mi.",Gasoline,At least 1 accident or damage reported,"$78,000"
Ford,2005,"82,000 mi.",Gasoline,None reported,"$14,900"
Audi,2019,"7,874 mi.",,None reported,"$38,999"
GMC,2017,"49,105 mi.",Gasoline,None reported,"$39,750"
Kia,2023,"5,500 mi.",Gasoline,None reported,"$40,000"
Chevrolet,2005,"36,700 mi.",Gasoline,None reported,"$26,000"
BMW,2014,"40,000 mi.",Gasoline,None reported,"$34,000"
Nissan,2017,"78,110 mi.",Gasoline,,"$17,500"
GMC,2015,"74,864 mi.",Gasoline,None reported,"$19,780"
Cadillac,2021,"15,350 mi.",Gasoline,None reported,"$93,500"
Nissan,2010,"46,100 mi.",Gasoline,None reported,"$72,999"
Toyota,2018,"61,454 mi.",Gasoline,None reported,"$31,000"
BMW,2020,"45,241 mi.",Gasoline,None reported,"$54,500"
INFINITI,2018,"48,000 mi.",Gasoline,None reported,"$27,000"
Lexus,2010,"68,500 mi.",Gasoline,None reported,"$18,500"
GMC,2019,"43,433 mi.",Gasoline,None reported,"$51,899"
Chevrolet,2005,"122,961 mi.",Gasoline,None reported,"$20,995"
Dodge,2014,"92,861 mi.",Gasoline,None reported,"$19,750"
Hyundai,2016,"72,000 mi.",Gasoline,None reported,"$21,400"
Lamborghini,2019,"6,929 mi.",Gasoline,None reported,"$649,999"
Ford,2003,"83,000 mi.",Gasoline,None reported,"$10,500"
Audi,2021,"18,031 mi.",,None reported,"$39,599"
Toyota,2023,"8,200 mi.",Hybrid,None reported,"$78,900"
Land,2020,"19,000 mi.",Hybrid,,"$74,900"
Jeep,2022,"12,875 mi.",Gasoline,None reported,"$42,599"
Maserati,2015,"32,000 mi.",Gasoline,None reported,"$36,000"
BMW,2013,"61,145 mi.",Gasoline,At least 1 accident or damage reported,"$37,500"
Mercedes-Benz,2022,"9,612 mi.",Gasoline,None reported,"$43,900"
Land,2023,"3,534 mi.",Hybrid,None reported,"$143,998"
Ford,2011,"152,000 mi.",Gasoline,None reported,"$14,000"
Audi,2012,"129,567 mi.",Gasoline,None reported,"$7,000"
BMW,2019,"36,000 mi.",Gasoline,At least 1 accident or damage reported,"$41,995"
BMW,2009,"92,008 mi.",Gasoline,None reported,"$12,500"
Ford,1998,"63,900 mi.",Gasoline,None reported,"$10,300"
Toyota,2012,"150,900 mi.",Gasoline,None reported,"$17,500"
Dodge,2019,"43,000 mi.",–,None reported,"$50,000"
Land,2018,"38,020 mi.",Gasoline,None reported,"$63,998"
Audi,2021,"14,750 mi.",Hybrid,None reported,"$61,059"
Subaru,2015,"52,500 mi.",Gasoline,None reported,"$23,000"
Chevrolet,2017,"207,571 mi.",Gasoline,At least 1 accident or damage reported,"$21,000"
INFINITI,2020,"39,000 mi.",Gasoline,None reported,"$29,900"
Porsche,2011,"66,000 mi.",Gasoline,,"$28,000"
INFINITI,2017,"93,500 mi.",Gasoline,None reported,"$16,000"
BMW,2018,"7,200 mi.",Gasoline,None reported,"$64,000"
Maserati,2022,"1,220 mi.",Gasoline,None reported,"$238,900"
Land,2023,"8,421 mi.",Hybrid,None reported,"$90,000"
BMW,2020,"25,520 mi.",Gasoline,None reported,"$84,900"
Tesla,2020,"30,554 mi.",,None reported,"$41,999"
Volvo,2023,"17,000 mi.",,None reported,"$54,900"
Mercedes-Benz,2011,"41,314 mi.",Gasoline,At least 1 accident or damage reported,"$30,999"
Land,2020,"49,899 mi.",Gasoline,At least 1 accident or damage reported,"$64,500"
Ford,2012,"186,268 mi.",E85 Flex Fuel,None reported,"$4,500"
Lexus,2016,"51,335 mi.",Gasoline,At least 1 accident or damage reported,"$25,995"
Porsche,2019,"10,400 mi.",Gasoline,None reported,"$99,750"
Mercedes-Benz,2020,"20,622 mi.",Gasoline,None reported,"$142,998"
RAM,2022,"19,376 mi.",Gasoline,None reported,"$45,861"
Audi,2020,"12,245 mi.",Gasoline,None reported,"$187,900"
Mitsubishi,2006,"77,000 mi.",Gasoline,None reported,"$57,000"
Acura,2013,"40,000 mi.",Gasoline,None reported,"$24,000"
Cadillac,2012,"113,000 mi.",Gasoline,None reported,"$10,000"
Chevrolet,2022,"7,600 mi.",Gasoline,At least 1 accident or damage reported,"$46,000"
Toyota,2022,"20,400 mi.",Hybrid,None reported,"$29,900"
Ford,2019,"115,000 mi.",Gasoline,None reported,"$39,000"
Lexus,2012,"239,000 mi.",Hybrid,None reported,"$7,000"
Jaguar,2014,"62,194 mi.",Gasoline,None reported,"$32,998"
Jeep,2020,"22,138 mi.",Gasoline,None reported,"$38,598"
Porsche,2017,"48,900 mi.",Gasoline,None reported,"$62,500"
Audi,2014,"21,800 mi.",Gasoline,None reported,"$117,000"
Lincoln,2016,"68,200 mi.",Gasoline,At least 1 accident or damage reported,"$16,750"
Chevrolet,2001,"139,000 mi.",Gasoline,None reported,"$7,000"
Mercedes-Benz,2021,"76,100 mi.",Gasoline,None reported,"$130,000"
Lexus,2022,"14,330 mi.",Gasoline,None reported,"$54,998"
BMW,2019,"41,906 mi.",Gasoline,At least 1 accident or damage reported,"$45,999"
Chevrolet,2016,"164,000 mi.",Gasoline,None reported,"$21,500"
Ford,2013,"161,933 mi.",Hybrid,None reported,"$7,945"
Hyundai,2022,"22,829 mi.",Gasoline,None reported,"$34,580"
Lexus,2023,"5,483 mi.",Gasoline,None reported,"$59,950"
Land,2020,"46,891 mi.",Gasoline,At least 1 accident or damage reported,"$31,000"
Chevrolet,2019,"72,000 mi.",Gasoline,At least 1 accident or damage reported,"$39,000"
Porsche,2020,"3,400 mi.",Gasoline,None reported,"$129,900"
Chevrolet,2021,"18,000 mi.",Gasoline,At least 1 accident or damage reported,"$30,000"
Jeep,2021,"30,630 mi.",Gasoline,None reported,"$39,998"
Toyota,2007,"24,985 mi.",Gasoline,,"$33,580"
GMC,2023,"9,978 mi.",Gasoline,None reported,"$93,999"
Ford,2018,"18,500 mi.",Gasoline,At least 1 accident or damage reported,"$77,999"
Cadillac,2021,"72,843 mi.",Gasoline,None reported,"$79,990"
Buick,2017,"67,500 mi.",Gasoline,None reported,"$20,000"
Tesla,2020,"43,534 mi.",,None reported,"$65,990"
Mercedes-Benz,2017,"36,900 mi.",Gasoline,None reported,"$28,500"
Chevrolet,2017,"61,720 mi.",E85 Flex Fuel,At least 1 accident or damage reported,"$39,998"
Kia,2022,"35,938 mi.",Gasoline,None reported,"$43,329"
Toyota,2023,"10,748 mi.",Hybrid,None reported,"$63,100"
Audi,2023,"4,457 mi.",Gasoline,None reported,"$107,900"
Nissan,2018,"108,206 mi.",Gasoline,At least 1 accident or damage reported,"$26,498"
Land,2020,"32,705 mi.",Diesel,None reported,"$46,598"
Kia,2020,"74,026 mi.",Gasoline,None reported,"$32,913"
Lexus,2020,"24,651 mi.",Gasoline,None reported,"$45,950"
BMW,2022,"13,000 mi.",Hybrid,None reported,"$69,000"
Land,2023,"11,700 mi.",Hybrid,None reported,"$133,500"
Chevrolet,2015,"77,500 mi.",Diesel,None reported,"$54,000"
Maserati,2007,"82,000 mi.",Gasoline,At least 1 accident or damage reported,"$7,999"
Dodge,2017,"1,389 mi.",Gasoline,None reported,"$489,995"
Ford,2021,"29,830 mi.",Gasoline,None reported,"$55,329"
Mazda,2016,"83,100 mi.",–,None reported,"$17,800"
Kia,2019,"62,660 mi.",Gasoline,None reported,"$16,500"
Land,2018,"56,006 mi.",Gasoline,None reported,"$59,000"
Lexus,2021,"31,365 mi.",Hybrid,None reported,"$52,998"
Lincoln,2004,"27,600 mi.",Gasoline,None reported,"$14,900"
Honda,2012,"47,245 mi.",Gasoline,None reported,"$19,600"
Lexus,2017,"73,948 mi.",Hybrid,None reported,"$31,990"
RAM,2019,"36,757 mi.",E85 Flex Fuel,None reported,"$31,953"
Tesla,2023,"4,786 mi.",,None reported,"$48,000"
Audi,2023,"1,900 mi.",Gasoline,None reported,"$78,900"
Hyundai,2014,"52,060 mi.",Gasoline,At least 1 accident or damage reported,"$15,000"
Porsche,2008,"58,000 mi.",Gasoline,None reported,"$41,500"
Ford,2010,"52,246 mi.",Diesel,None reported,"$26,095"
Kia,2016,"64,290 mi.",Gasoline,None reported,"$16,999"
Nissan,2009,"37,500 mi.",Gasoline,None reported,"$21,500"
Genesis,2023,"2,121 mi.",Gasoline,None reported,"$40,750"
Land,2013,"57,000 mi.",Gasoline,None reported,"$26,000"
Mercedes-Benz,2020,"22,000 mi.",Gasoline,None reported,"$69,500"
Ford,2023,"2,000 mi.",Gasoline,None reported,"$66,500"
RAM,2018,"61,802 mi.",E85 Flex Fuel,None reported,"$32,000"
Dodge,2010,"73,000 mi.",–,None reported,"$17,500"
Chevrolet,2013,"110,000 mi.",–,None reported,"$7,500"
Jeep,2013,"106,700 mi.",E85 Flex Fuel,None reported,"$13,500"
Audi,2013,"75,965 mi.",Gasoline,At least 1 accident or damage reported,"$35,999"
Jeep,2022,"31,804 mi.",Gasoline,At least 1 accident or damage reported,"$48,995"
Mazda,1992,"125,800 mi.",–,None reported,"$11,500"
Chrysler,2005,"116,320 mi.",Gasoline,At least 1 accident or damage reported,"$6,000"
Audi,2011,"156,875 mi.",Gasoline,At least 1 accident or damage reported,"$9,900"
Tesla,2023,197 mi.,,None reported,"$85,000"
Cadillac,2020,"35,200 mi.",Gasoline,None reported,"$28,500"
Maserati,2014,"76,000 mi.",Gasoline,None reported,"$19,000"
Jaguar,2019,"29,000 mi.",Gasoline,None reported,"$34,500"
BMW,2019,"33,499 mi.",Gasoline,At least 1 accident or damage reported,"$44,495"
Acura,2019,"25,779 mi.",Gasoline,At least 1 accident or damage reported,"$30,999"
GMC,2015,"76,296 mi.",Gasoline,At least 1 accident or damage reported,"$9,500"
BMW,2014,"29,553 mi.",,None reported,"$12,800"
Nissan,2011,"109,902 mi.",Gasoline,None reported,"$4,500"
Mercedes-Benz,2019,"23,083 mi.",Gasoline,None reported,"$33,500"
Toyota,2003,"143,600 mi.",Gasoline,None reported,"$4,199"
RAM,2021,"22,000 mi.",Gasoline,None reported,"$54,800"
Mercedes-Benz,2022,"13,000 mi.",Hybrid,None reported,"$81,500"
Audi,2018,"53,000 mi.",Gasoline,At least 1 accident or damage reported,"$28,000"
Lincoln,2019,"44,741 mi.",Gasoline,None reported,"$52,999"
Audi,2008,"202,000 mi.",Gasoline,At least 1 accident or damage reported,"$5,700"
Chevrolet,2006,"215,000 mi.",Gasoline,At least 1 accident or damage reported,"$6,995"
Mercedes-Benz,2019,"77,138 mi.",Gasoline,None reported,"$49,998"
Volvo,2018,"90,641 mi.",Gasoline,None reported,"$25,999"
Toyota,2011,"177,702 mi.",Gasoline,At least 1 accident or damage reported,"$7,700"
Mercedes-Benz,2018,"58,350 mi.",Gasoline,None reported,"$29,497"
Chevrolet,2010,"86,170 mi.",Gasoline,At least 1 accident or damage reported,"$17,000"
Mazda,2012,"36,568 mi.",Gasoline,At least 1 accident or damage reported,"$20,199"
Ford,2015,"54,357 mi.",Gasoline,None reported,"$16,250"
Mercedes-Benz,2015,"20,394 mi.",Gasoline,At least 1 accident or damage reported,"$59,598"
Kia,2023,"7,578 mi.",Hybrid,None reported,"$31,113"
Porsche,2010,"64,800 mi.",Gasoline,At least 1 accident or damage reported,"$20,900"
Toyota,2016,"117,780 mi.",Gasoline,None reported,"$27,750"
Hyundai,2019,"33,100 mi.",,None reported,"$18,200"
Land,2016,"86,202 mi.",Gasoline,None reported,"$18,750"
Ford,2012,"163,000 mi.",E85 Flex Fuel,None reported,"$19,550"
Mercedes-Benz,2004,"35,400 mi.",Gasoline,None reported,"$24,900"
Jeep,2018,"31,000 mi.",Gasoline,None reported,"$22,000"
Mercedes-Benz,2018,"103,069 mi.",Gasoline,None reported,"$40,998"
Mercedes-Benz,2021,"22,480 mi.",Gasoline,None reported,"$135,800"
Tesla,2016,"91,000 mi.",,None reported,"$39,500"
Lexus,2010,"41,500 mi.",Gasoline,At least 1 accident or damage reported,"$44,800"
BMW,2010,"91,545 mi.",Gasoline,None reported,"$13,000"
Audi,2022,"4,100 mi.",Hybrid,None reported,"$162,500"
Buick,2006,"110,000 mi.",Gasoline,None reported,"$5,000"
Lincoln,2016,"88,000 mi.",Gasoline,None reported,"$18,500"
Nissan,2018,"42,833 mi.",Gasoline,None reported,"$37,000"
Porsche,2020,"23,278 mi.",Gasoline,None reported,"$114,998"
Mercedes-Benz,1993,"106,983 mi.",–,None reported,"$15,300"
BMW,2015,"60,100 mi.",Gasoline,None reported,"$24,995"
Jeep,2022,"17,381 mi.",Gasoline,None reported,"$69,685"
Cadillac,2013,"63,172 mi.",Gasoline,At least 1 accident or damage reported,"$12,995"
Ford,2010,"72,000 mi.",Gasoline,At least 1 accident or damage reported,"$10,900"
Kia,2022,"4,820 mi.",,None reported,"$47,500"
Audi,2014,"67,900 mi.",Gasoline,,"$25,990"
Toyota,2018,"51,000 mi.",Gasoline,None reported,"$38,000"
Jeep,2013,"54,500 mi.",Gasoline,None reported,"$35,000"
Maserati,2006,"61,840 mi.",Gasoline,None reported,"$16,500"
Mercedes-Benz,2006,"28,950 mi.",Gasoline,,"$16,750"
GMC,2002,"300,000 mi.",Diesel,At least 1 accident or damage reported,"$5,000"
Nissan,2011,"103,400 mi.",Gasoline,At least 1 accident or damage reported,"$17,000"
BMW,2023,816 mi.,Gasoline,None reported,"$109,900"
Porsche,2016,719 mi.,Gasoline,None reported,"$489,000"
Land,2023,"3,678 mi.",Hybrid,None reported,"$81,998"
Ford,2016,"107,000 mi.",E85 Flex Fuel,At least 1 accident or damage reported,"$22,000"
BMW,2022,"5,018 mi.",Gasoline,None reported,"$114,998"
Porsche,2010,"13,850 mi.",Gasoline,None reported,"$71,400"
Volvo,2008,"46,700 mi.",Gasoline,,"$11,400"
Chrysler,2021,"21,478 mi.",Gasoline,None reported,"$27,798"
Honda,2020,"64,200 mi.",Hybrid,At least 1 accident or damage reported,"$20,499"
Porsche,2006,"31,075 mi.",Gasoline,None reported,"$36,250"
Tesla,2022,"25,250 mi.",,None reported,"$47,800"
BMW,2020,"35,400 mi.",Gasoline,None reported,"$71,950"
Audi,2004,"74,030 mi.",Gasoline,None reported,"$16,000"
Ford,2021,"48,549 mi.",Diesel,None reported,"$69,998"
Kia,2023,"5,182 mi.",Gasoline,None reported,"$32,500"
RAM,2019,"31,681 mi.",Gasoline,At least 1 accident or damage reported,"$33,500"
BMW,2020,"23,430 mi.",Gasoline,None reported,"$80,998"
Mercedes-Benz,2015,"30,300 mi.",Gasoline,At least 1 accident or damage reported,"$29,000"
Cadillac,2016,"112,000 mi.",Gasoline,At least 1 accident or damage reported,"$14,599"
INFINITI,2014,"127,356 mi.",Gasoline,At least 1 accident or damage reported,"$19,990"
Volkswagen,2017,"50,600 mi.",Gasoline,At least 1 accident or damage reported,"$28,890"
Chevrolet,2011,"194,000 mi.",E85 Flex Fuel,None reported,"$9,950"
Toyota,2021,"33,455 mi.",Gasoline,None reported,"$44,750"
BMW,2022,"43,000 mi.",Gasoline,None reported,"$35,750"
Mercedes-Benz,2016,"46,102 mi.",Gasoline,None reported,"$35,300"
Cadillac,2019,"59,000 mi.",Gasoline,None reported,"$21,000"
Jaguar,2004,"134,000 mi.",Gasoline,At least 1 accident or damage reported,"$9,500"
Chevrolet,2020,"3,715 mi.",Gasoline,None reported,"$150,000"
Mercedes-Benz,2012,"100,245 mi.",Diesel,At least 1 accident or damage reported,"$24,000"
Mercedes-Benz,2022,"8,583 mi.",Gasoline,None reported,"$42,999"
Dodge,2003,"141,800 mi.",Gasoline,At least 1 accident or damage reported,"$5,700"
Audi,2012,"77,000 mi.",Gasoline,None reported,"$13,800"
Audi,2018,"67,035 mi.",Gasoline,At least 1 accident or damage reported,"$31,500"
Audi,2012,"61,450 mi.",Gasoline,None reported,"$19,500"
Porsche,2015,"39,500 mi.",Gasoline,None reported,"$52,590"
Mercedes-Benz,2020,"6,600 mi.",Gasoline,None reported,"$128,900"
Chevrolet,2023,"2,300 mi.",Gasoline,None reported,"$51,500"
Audi,2023,"10,601 mi.",Hybrid,None reported,"$61,998"
Maserati,2018,"18,000 mi.",Gasoline,None reported,"$67,000"
GMC,2022,"31,681 mi.",Gasoline,At least 1 accident or damage reported,"$67,963"
Cadillac,2020,"24,114 mi.",Gasoline,At least 1 accident or damage reported,"$49,427"
Jeep,2022,"22,109 mi.",Gasoline,,"$43,389"
Chevrolet,2012,"148,000 mi.",E85 Flex Fuel,None reported,"$18,000"
BMW,2018,"41,000 mi.",Gasoline,None reported,"$60,200"
Nissan,2009,"127,600 mi.",E85 Flex Fuel,None reported,"$19,500"
Dodge,2005,"138,450 mi.",Gasoline,At least 1 accident or damage reported,"$19,000"
GMC,2013,"230,000 mi.",E85 Flex Fuel,None reported,"$15,500"
Lexus,2017,"53,649 mi.",Gasoline,None reported,"$33,000"
Mercedes-Benz,2012,"174,000 mi.",Gasoline,At least 1 accident or damage reported,"$11,999"
INFINITI,2022,"49,860 mi.",Gasoline,At least 1 accident or damage reported,"$47,645"
Mercedes-Benz,2021,"13,650 mi.",Gasoline,None reported,"$75,000"
BMW,2016,"134,000 mi.",Gasoline,At least 1 accident or damage reported,"$13,500"
Porsche,2014,"78,000 mi.",Gasoline,None reported,"$68,000"
Porsche,2005,"65,750 mi.",Gasoline,None reported,"$21,750"
BMW,2021,"18,000 mi.",Gasoline,None reported,"$94,000"
Ford,2007,"121,630 mi.",Gasoline,None reported,"$9,450"
Rivian,2023,"4,500 mi.",,None reported,"$89,999"
Volvo,2022,"9,408 mi.",Hybrid,None reported,"$61,999"
BMW,2016,"120,000 mi.",Gasoline,None reported,"$16,000"
Cadillac,2016,"168,600 mi.",Gasoline,None reported,"$29,500"
Chevrolet,2004,"43,705 mi.",Gasoline,None reported,"$25,900"
Audi,2013,"111,000 mi.",Gasoline,None reported,"$11,500"
Audi,2012,"64,549 mi.",Gasoline,None reported,"$17,000"
Buick,2007,"53,000 mi.",Gasoline,None reported,"$6,500"
Chevrolet,2017,"13,465 mi.",Gasoline,None reported,"$44,900"
Tesla,2023,"5,844 mi.",,None reported,"$52,000"
BMW,2015,"74,000 mi.",Gasoline,None reported,"$40,000"
Kia,2011,"100,331 mi.",Gasoline,At least 1 accident or damage reported,"$6,900"
Toyota,2022,"24,850 mi.",Gasoline,None reported,"$53,568"
Lincoln,2021,"17,467 mi.",Gasoline,None reported,"$43,860"
Nissan,2015,"115,000 mi.",Gasoline,None reported,"$11,995"
BMW,2015,"72,000 mi.",Gasoline,At least 1 accident or damage reported,"$26,500"
Mazda,2008,"162,000 mi.",Gasoline,At least 1 accident or damage reported,"$6,500"
GMC,2017,"47,589 mi.",Gasoline,None reported,"$45,500"
Toyota,2023,"6,548 mi.",,None reported,"$41,999"
RAM,2018,"10,339 mi.",Gasoline,None reported,"$36,990"
RAM,2021,"32,092 mi.",Gasoline,None reported,"$35,113"
Lexus,2014,"85,275 mi.",Gasoline,At least 1 accident or damage reported,"$23,998"
Hyundai,2016,"138,000 mi.",Gasoline,None reported,"$10,990"
Chevrolet,2003,"87,500 mi.",Gasoline,None reported,"$16,999"
Maserati,2013,"34,920 mi.",Gasoline,None reported,"$38,900"
Tesla,2020,"27,224 mi.",,None reported,"$65,999"
BMW,2018,"25,000 mi.",Gasoline,None reported,"$52,000"
Tesla,2021,"14,642 mi.",,None reported,"$48,500"
Subaru,2015,"162,000 mi.",Gasoline,None reported,"$13,999"
Buick,1996,"119,500 mi.",Gasoline,At least 1 accident or damage reported,"$16,999"
Land,2017,"101,800 mi.",Gasoline,None reported,"$36,500"
Ford,2021,"84,351 mi.",Gasoline,None reported,"$42,691"
Nissan,2012,"26,930 mi.",,None reported,"$6,700"
Toyota,2019,"40,698 mi.",Gasoline,None reported,"$42,886"
Mercedes-Benz,2020,"40,000 mi.",Gasoline,None reported,"$112,500"
BMW,2019,"30,000 mi.",Gasoline,At least 1 accident or damage reported,"$29,000"
Lexus,2007,"78,980 mi.",Gasoline,At least 1 accident or damage reported,"$10,600"
Porsche,2007,"28,844 mi.",Gasoline,,"$69,995"
Porsche,2020,"21,028 mi.",,None reported,"$96,900"
Maserati,2023,"5,409 mi.",Gasoline,None reported,"$88,950"
Dodge,2020,"12,700 mi.",Gasoline,At least 1 accident or damage reported,"$69,900"
Mazda,2021,"19,000 mi.",Gasoline,,"$25,900"
Audi,2019,"12,000 mi.",Gasoline,None reported,"$48,000"
Ford,2016,"25,717 mi.",Gasoline,None reported,"$33,900"
Tesla,2022,"12,055 mi.",,None reported,"$44,400"
Audi,2011,"69,700 mi.",Gasoline,At least 1 accident or damage reported,"$23,000"
BMW,2020,"25,013 mi.",Gasoline,None reported,"$55,000"
Audi,2023,"1,156 mi.",,None reported,"$54,900"
BMW,2016,"57,939 mi.",Gasoline,None reported,"$27,500"
Mercedes-Benz,2018,"52,694 mi.",Gasoline,None reported,"$49,999"
Mercedes-Benz,2015,"54,000 mi.",Gasoline,None reported,"$37,000"
Honda,2002,"110,500 mi.",Gasoline,None reported,"$27,000"
Chevrolet,2000,"97,500 mi.",Gasoline,None reported,"$10,000"
Chevrolet,2020,"20,909 mi.",Gasoline,None reported,"$35,387"
Mercedes-Benz,2013,"77,648 mi.",Gasoline,None reported,"$40,000"
Bentley,2013,"79,422 mi.",Gasoline,None reported,"$64,000"
GMC,2002,"53,850 mi.",Gasoline,At least 1 accident or damage reported,"$16,900"
Audi,2020,"21,832 mi.",Gasoline,None reported,"$42,000"
Toyota,2017,"41,932 mi.",Gasoline,None reported,"$18,700"
GMC,2017,"110,000 mi.",Gasoline,At least 1 accident or damage reported,"$34,999"
Toyota,2020,"67,400 mi.",Gasoline,None reported,"$47,500"
Subaru,2017,"62,662 mi.",Gasoline,At least 1 accident or damage reported,"$24,000"
Subaru,2015,"102,000 mi.",Gasoline,At least 1 accident or damage reported,"$18,000"
INFINITI,2014,"79,785 mi.",Gasoline,At least 1 accident or damage reported,"$16,488"
Chevrolet,2017,"166,549 mi.",Gasoline,At least 1 accident or damage reported,"$24,950"
Toyota,2006,"190,656 mi.",Gasoline,At least 1 accident or damage reported,"$8,900"
Dodge,2016,"7,928 mi.",–,None reported,"$37,500"
Porsche,2009,"135,606 mi.",Gasoline,None reported,"$15,000"
Kia,2023,"14,700 mi.",Gasoline,None reported,"$39,900"
Mercedes-Benz,2019,"12,985 mi.",Gasoline,At least 1 accident or damage reported,"$96,000"
BMW,2014,"4,200 mi.",Gasoline,None reported,"$64,995"
Subaru,2017,"44,000 mi.",Gasoline,None reported,"$23,500"
Dodge,2015,"66,000 mi.",Gasoline,None reported,"$12,000"
Land,2021,"17,945 mi.",Gasoline,None reported,"$89,900"
Nissan,2013,"106,700 mi.",Gasoline,None reported,"$17,500"
Cadillac,2020,"120,000 mi.",Gasoline,None reported,"$55,000"
Mercedes-Benz,2012,"59,600 mi.",Gasoline,None reported,"$19,900"
Kia,2012,"117,220 mi.",Hybrid,None reported,"$8,900"
Chevrolet,2022,"85,200 mi.",Diesel,None reported,"$67,500"
Volkswagen,2018,"63,450 mi.",Gasoline,None reported,"$24,325"
Dodge,2004,"73,000 mi.",Gasoline,None reported,"$22,500"
Scion,2014,"115,000 mi.",Gasoline,None reported,"$11,495"
Land,2016,"56,000 mi.",Gasoline,None reported,"$49,900"
Lexus,2018,"67,296 mi.",Gasoline,None reported,"$40,900"
Chevrolet,2015,"179,200 mi.",Gasoline,At least 1 accident or damage reported,"$16,000"
Maserati,2015,"28,000 mi.",Gasoline,None reported,"$44,999"
Porsche,2003,"155,000 mi.",Gasoline,None reported,"$55,000"
Hyundai,2012,"154,000 mi.",Hybrid,At least 1 accident or damage reported,"$8,500"
Cadillac,2012,"62,500 mi.",Gasoline,At least 1 accident or damage reported,"$18,955"
BMW,2000,"177,700 mi.",Gasoline,None reported,"$2,500"
Tesla,2019,"83,700 mi.",,At least 1 accident or damage reported,"$26,000"
Chevrolet,1995,"120,000 mi.",–,At least 1 accident or damage reported,"$6,500"
Nissan,2012,"65,000 mi.",Gasoline,None reported,"$21,500"
Mercedes-Benz,2018,"62,808 mi.",Gasoline,At least 1 accident or damage reported,"$38,598"
Ford,2021,"3,000 mi.",Gasoline,None reported,"$49,500"
Audi,2012,"119,000 mi.",Gasoline,None reported,"$12,000"
RAM,2013,"198,868 mi.",Diesel,None reported,"$25,000"
Dodge,2011,"188,000 mi.",Gasoline,At least 1 accident or damage reported,"$8,500"
Mercedes-Benz,2013,"157,405 mi.",Gasoline,None reported,"$10,750"
Dodge,2016,"8,228 mi.",Gasoline,None reported,"$62,500"
Land,2018,"73,101 mi.",Gasoline,None reported,"$42,950"
BMW,2018,"10,950 mi.",Gasoline,None reported,"$60,995"
Mercedes-Benz,2018,"63,160 mi.",Gasoline,At least 1 accident or damage reported,"$47,000"
Land,2019,"31,866 mi.",Gasoline,None reported,"$68,900"
Chevrolet,2009,"75,000 mi.",Gasoline,None reported,"$18,900"
Toyota,2016,"98,000 mi.",Gasoline,At least 1 accident or damage reported,"$36,000"
Mazda,2012,"33,576 mi.",Gasoline,None reported,"$18,900"
Volkswagen,2012,"123,200 mi.",Gasoline,At least 1 accident or damage reported,"$12,449"
Jaguar,2013,"112,000 mi.",Gasoline,None reported,"$8,800"
Chevrolet,2010,"68,000 mi.",Gasoline,At least 1 accident or damage reported,"$19,500"
INFINITI,2012,"120,000 mi.",Gasoline,At least 1 accident or damage reported,"$14,500"
BMW,2019,"45,000 mi.",Gasoline,At least 1 accident or damage reported,"$46,999"
Chevrolet,2022,"6,700 mi.",Gasoline,None reported,"$39,500"
Porsche,2021,"6,785 mi.",,None reported,"$108,900"
Mercedes-Benz,2015,"40,900 mi.",Gasoline,None reported,"$59,750"
Cadillac,2018,"74,150 mi.",Gasoline,None reported,"$45,000"
Toyota,2014,"94,448 mi.",Hybrid,None reported,"$15,999"
Audi,2015,"108,000 mi.",Gasoline,None reported,"$19,998"
BMW,2012,"118,000 mi.",Gasoline,At least 1 accident or damage reported,"$17,000"
Jaguar,2020,"38,800 mi.",Gasoline,None reported,"$57,500"
BMW,2017,"55,000 mi.",Gasoline,None reported,"$40,000"
BMW,2021,"34,967 mi.",Hybrid,At least 1 accident or damage reported,"$49,999"
Jeep,2016,"85,325 mi.",Gasoline,None reported,"$30,000"
RAM,2018,"63,750 mi.",Gasoline,None reported,"$36,000"
Ford,2016,"87,248 mi.",Gasoline,None reported,"$19,999"
BMW,1997,"206,000 mi.",Gasoline,At least 1 accident or damage reported,"$15,900"
Mercedes-Benz,2011,"112,854 mi.",Gasoline,None reported,"$11,999"
Rivian,2023,"1,150 mi.",,None reported,"$96,850"
Tesla,2023,"10,000 mi.",,None reported,"$48,000"
Mercedes-Benz,2022,"14,100 mi.",Gasoline,None reported,"$53,000"
BMW,2023,"14,360 mi.",Hybrid,None reported,"$85,495"
Chevrolet,2023,"10,000 mi.",Gasoline,None reported,"$32,000"
Chevrolet,2015,"217,500 mi.",Gasoline,None reported,"$20,000"
Chevrolet,2021,"73,846 mi.",Gasoline,None reported,"$60,995"
Jeep,2020,"40,000 mi.",Gasoline,None reported,"$45,000"
GMC,2023,"9,980 mi.",Gasoline,None reported,"$82,000"
Mazda,2019,"41,997 mi.",Gasoline,None reported,"$24,995"
Alfa,2021,"2,000 mi.",Gasoline,None reported,"$39,000"
Mercedes-Benz,2016,"42,750 mi.",Gasoline,At least 1 accident or damage reported,"$22,999"
BMW,2019,"19,473 mi.",Gasoline,None reported,"$31,698"
Volkswagen,2019,"35,340 mi.",Gasoline,None reported,"$23,000"
Mercedes-Benz,2008,"93,000 mi.",Gasoline,At least 1 accident or damage reported,"$12,000"
Audi,2014,"66,150 mi.",Gasoline,At least 1 accident or damage reported,"$47,995"
Volvo,2022,"19,352 mi.",Plug-In Hybrid,None reported,"$54,599"
Land,2020,"81,000 mi.",Gasoline,None reported,"$64,800"
Toyota,2011,"183,000 mi.",Gasoline,None reported,"$16,000"
Jeep,2004,"44,000 mi.",Gasoline,At least 1 accident or damage reported,"$24,999"
Audi,2021,"18,100 mi.",Gasoline,None reported,"$51,800"
Land,2011,"40,000 mi.",Gasoline,At least 1 accident or damage reported,"$20,000"
Mercedes-Benz,2011,"120,000 mi.",Diesel,None reported,"$31,999"
Toyota,2023,325 mi.,Hybrid,None reported,"$84,997"
Maserati,2017,"55,000 mi.",Gasoline,None reported,"$39,100"
Toyota,1996,"233,000 mi.",–,None reported,"$7,500"
Lamborghini,2021,"6,987 mi.",Gasoline,None reported,"$749,950"
Ford,2019,"48,500 mi.",Gasoline,At least 1 accident or damage reported,"$44,999"
RAM,2018,"52,000 mi.",Diesel,None reported,"$50,000"
Toyota,2007,"179,000 mi.",Gasoline,At least 1 accident or damage reported,"$17,900"
Dodge,2019,"42,626 mi.",Gasoline,None reported,"$42,000"
Lexus,2018,"65,900 mi.",Gasoline,At least 1 accident or damage reported,"$34,700"
Genesis,2022,"7,523 mi.",Gasoline,None reported,"$54,543"
Jaguar,2019,"34,365 mi.",Gasoline,None reported,"$59,598"
Kia,2021,"16,949 mi.",Gasoline,None reported,"$24,995"
Mercedes-Benz,2022,"7,968 mi.",Hybrid,None reported,"$104,999"
Porsche,2018,"61,000 mi.",Gasoline,None reported,"$57,500"
INFINITI,2018,"100,564 mi.",Gasoline,None reported,"$23,105"
Ford,2022,"13,700 mi.",Hybrid,None reported,"$39,500"
Kia,2021,"38,612 mi.",Gasoline,None reported,"$42,242"
Chevrolet,2005,"155,000 mi.",Gasoline,At least 1 accident or damage reported,"$7,995"
Mercedes-Benz,2017,"56,000 mi.",Gasoline,None reported,"$35,750"
Land,2022,"15,107 mi.",Gasoline,None reported,"$114,900"
Toyota,2022,"44,459 mi.",Hybrid,None reported,"$22,945"
Mercedes-Benz,2017,"31,000 mi.",Gasoline,At least 1 accident or damage reported,"$38,000"
Mercedes-Benz,2012,"44,000 mi.",Gasoline,At least 1 accident or damage reported,"$22,222"
Mercedes-Benz,2018,"22,558 mi.",Gasoline,None reported,"$47,645"
Jeep,2003,"116,157 mi.",Gasoline,None reported,"$14,250"
Lincoln,2018,"23,500 mi.",Gasoline,At least 1 accident or damage reported,"$50,000"
Chevrolet,2008,"28,150 mi.",Gasoline,None reported,"$31,000"
GMC,2016,"137,500 mi.",Gasoline,At least 1 accident or damage reported,"$29,500"
Mercedes-Benz,2021,"2,284 mi.",Gasoline,None reported,"$157,500"
Land,2023,350 mi.,Gasoline,None reported,"$195,000"
Ford,2017,"169,000 mi.",E85 Flex Fuel,None reported,"$13,000"
Ferrari,2018,"17,761 mi.",Gasoline,None reported,"$243,900"
Chevrolet,2010,"8,949 mi.",Gasoline,None reported,"$30,000"
BMW,2020,"25,108 mi.",Gasoline,,"$66,000"
Land,2016,"103,000 mi.",Gasoline,None reported,"$33,999"
Porsche,2003,"87,600 mi.",Gasoline,At least 1 accident or damage reported,"$32,000"
Maserati,2022,"1,087 mi.",Gasoline,None reported,"$279,000"
Mercedes-Benz,2015,"76,753 mi.",Gasoline,At least 1 accident or damage reported,"$15,999"
Mercedes-Benz,2019,"10,500 mi.",Gasoline,None reported,"$79,500"
Mercedes-Benz,2011,"199,000 mi.",Gasoline,None reported,"$9,250"
Lexus,2007,"127,980 mi.",Gasoline,None reported,"$9,999"
BMW,2023,"16,307 mi.",Hybrid,None reported,"$71,400"
Audi,2021,"13,566 mi.",Gasoline,None reported,"$57,900"
Audi,2022,"22,588 mi.",Hybrid,None reported,"$52,598"
Jaguar,2019,"41,452 mi.",Gasoline,At least 1 accident or damage reported,"$22,500"
Genesis,2019,"57,500 mi.",Gasoline,None reported,"$32,990"
BMW,2020,500 mi.,Gasoline,None reported,"$70,000"
Subaru,2014,"55,000 mi.",Gasoline,None reported,"$30,000"
GMC,2021,"8,210 mi.",Gasoline,None reported,"$55,000"
Lincoln,2021,"18,160 mi.",Gasoline,None reported,"$46,850"
Jaguar,2013,"4,279 mi.",Gasoline,,"$70,000"
Mercedes-Benz,2013,"39,748 mi.",Diesel,At least 1 accident or damage reported,"$54,995"
Toyota,1998,"160,000 mi.",Gasoline,At least 1 accident or damage reported,"$12,490"
Toyota,2013,"65,000 mi.",Gasoline,None reported,"$20,500"
BMW,2016,"59,000 mi.",Gasoline,None reported,"$25,000"
BMW,2022,"22,700 mi.",Plug-In Hybrid,None reported,"$47,000"
Mercedes-Benz,2018,"56,578 mi.",E85 Flex Fuel,None reported,"$20,900"
Hyundai,2010,"153,332 mi.",Gasoline,At least 1 accident or damage reported,"$10,000"
Cadillac,2013,"89,700 mi.",Gasoline,None reported,"$17,999"
Lincoln,2002,"118,600 mi.",Gasoline,At least 1 accident or damage reported,"$5,230"
GMC,2021,"23,400 mi.",Gasoline,None reported,"$52,000"
Mercedes-Benz,2015,"110,000 mi.",Diesel,None reported,"$29,000"
Jaguar,2008,"87,888 mi.",Gasoline,None reported,"$11,990"
Lexus,2015,"73,800 mi.",Gasoline,None reported,"$26,999"
Audi,2015,"78,124 mi.",Gasoline,None reported,"$21,500"
Subaru,2015,"91,000 mi.",Gasoline,At least 1 accident or damage reported,"$19,000"
Dodge,2003,"114,000 mi.",Gasoline,At least 1 accident or damage reported,"$10,700"
Subaru,2015,"76,000 mi.",Gasoline,None reported,"$21,000"
Audi,2008,"146,500 mi.",Gasoline,At least 1 accident or damage reported,"$30,000"
Porsche,2007,"26,021 mi.",Gasoline,None reported,"$53,999"
Audi,2015,"73,000 mi.",E85 Flex Fuel,At least 1 accident or damage reported,"$17,200"
Audi,2009,"153,000 mi.",Gasoline,None reported,"$8,700"
Ford,2003,"67,550 mi.",Diesel,None reported,"$30,000"
Ford,2004,"170,000 mi.",Gasoline,None reported,"$8,500"
Land,2017,"53,000 mi.",Gasoline,None reported,"$47,500"
Audi,2019,"54,900 mi.",Hybrid,At least 1 accident or damage reported,"$48,500"
BMW,2016,"89,000 mi.",Gasoline,None reported,"$24,000"
Ford,2022,"6,200 mi.",Gasoline,None reported,"$49,000"
Ford,2021,"51,808 mi.",Gasoline,None reported,"$42,388"
Hyundai,2013,"89,000 mi.",Gasoline,At least 1 accident or damage reported,"$12,500"
Toyota,1999,"86,111 mi.",Gasoline,At least 1 accident or damage reported,"$3,500"
Mercedes-Benz,2018,"45,203 mi.",Gasoline,None reported,"$39,853"
Audi,2022,"14,739 mi.",Gasoline,None reported,"$61,900"
Buick,2017,"139,105 mi.",Gasoline,At least 1 accident or damage reported,"$17,550"
Lamborghini,2010,"45,014 mi.",Gasoline,None reported,"$109,499"
Ford,2011,"101,000 mi.",Gasoline,None reported,"$18,500"
GMC,2016,"93,000 mi.",Gasoline,At least 1 accident or damage reported,"$30,000"
Ford,2013,"62,500 mi.",Gasoline,None reported,"$16,000"
Lexus,2008,"75,000 mi.",Gasoline,At least 1 accident or damage reported,"$29,000"
BMW,2015,"34,455 mi.",Gasoline,None reported,"$28,000"
Land,2010,"130,000 mi.",Gasoline,None reported,"$15,500"
Mercedes-Benz,2014,"76,170 mi.",Gasoline,At least 1 accident or damage reported,"$16,500"
GMC,2010,"194,500 mi.",E85 Flex Fuel,At least 1 accident or damage reported,"$9,500"
BMW,2008,"135,000 mi.",Gasoline,None reported,"$5,699"
Dodge,2021,"33,000 mi.",Gasoline,At least 1 accident or damage reported,"$26,999"
Hyundai,2010,"98,700 mi.",Gasoline,None reported,"$10,340"
Honda,2018,"72,900 mi.",Gasoline,At least 1 accident or damage reported,"$35,500"
Dodge,2016,"135,000 mi.",Gasoline,None reported,"$20,000"
Chevrolet,2022,"2,550 mi.",Gasoline,None reported,"$60,000"
Jeep,2020,"35,289 mi.",Gasoline,,"$35,470"
RAM,2022,"14,636 mi.",Gasoline,None reported,"$46,599"
Chrysler,2005,"24,847 mi.",Gasoline,None reported,"$13,046"
Nissan,2019,"29,558 mi.",Gasoline,None reported,"$25,884"
Audi,2023,"6,581 mi.",Gasoline,None reported,"$59,900"
Mercedes-Benz,2020,"22,000 mi.",Hybrid,None reported,"$83,999"
Acura,2017,"68,200 mi.",Gasoline,At least 1 accident or damage reported,"$15,750"
Land,2023,"2,800 mi.",Gasoline,None reported,"$175,000"
Ford,2019,"51,300 mi.",Gasoline,None reported,"$48,295"
BMW,2008,"133,500 mi.",Gasoline,None reported,"$18,500"
INFINITI,2012,"49,000 mi.",Gasoline,None reported,"$19,900"
BMW,2008,"125,470 mi.",Gasoline,None reported,"$8,000"
Mazda,2008,"81,219 mi.",Gasoline,None reported,"$8,500"
Porsche,1999,"72,000 mi.",Gasoline,None reported,"$12,250"
Acura,2019,"19,500 mi.",Gasoline,None reported,"$25,000"
Porsche,2017,"20,561 mi.",Gasoline,None reported,"$105,000"
Lexus,2016,"33,655 mi.",Gasoline,None reported,"$62,900"
Toyota,2015,"135,140 mi.",Gasoline,None reported,"$23,500"
Maserati,2015,"73,000 mi.",Gasoline,None reported,"$17,999"
Land,2017,"55,000 mi.",Gasoline,At least 1 accident or damage reported,"$58,000"
Chevrolet,2013,"87,000 mi.",Gasoline,At least 1 accident or damage reported,"$10,000"
BMW,2006,"137,825 mi.",Gasoline,None reported,"$4,000"
Acura,2008,"184,421 mi.",Gasoline,None reported,"$5,000"
Lincoln,2015,"95,000 mi.",Gasoline,At least 1 accident or damage reported,"$14,900"
Kia,2022,"26,468 mi.",Gasoline,At least 1 accident or damage reported,"$27,875"
Bentley,2003,"55,050 mi.",Gasoline,None reported,"$34,995"
Kia,2021,"54,200 mi.",Gasoline,None reported,"$23,800"
Lexus,2002,"109,762 mi.",Gasoline,None reported,"$15,000"
Land,2012,"92,080 mi.",Gasoline,None reported,"$14,500"
Acura,2023,"1,798 mi.",Gasoline,None reported,"$53,000"
GMC,2006,"167,500 mi.",Gasoline,None reported,"$14,500"
GMC,2023,"2,500 mi.",Gasoline,None reported,"$84,000"
Mercedes-Benz,2016,"77,000 mi.",Gasoline,At least 1 accident or damage reported,"$24,000"
MINI,2019,"19,850 mi.",Gasoline,None reported,"$24,000"
Ford,2023,"3,400 mi.",Gasoline,None reported,"$57,000"
Ford,2021,"3,596 mi.",Gasoline,None reported,"$56,900"
Ford,2009,"130,200 mi.",Diesel,None reported,"$28,900"
Land,2017,"48,200 mi.",Gasoline,None reported,"$24,998"
GMC,2016,"183,544 mi.",Gasoline,At least 1 accident or damage reported,"$22,000"
Ford,2016,"14,900 mi.",Gasoline,None reported,"$39,000"
Ford,2022,"4,200 mi.",Gasoline,None reported,"$65,994"
Hyundai,2012,"15,698 mi.",Gasoline,None reported,"$19,000"
Jeep,2022,"1,750 mi.",Gasoline,None reported,"$65,500"
BMW,2022,"34,800 mi.",Gasoline,None reported,"$46,000"
Jaguar,2020,"35,580 mi.",Gasoline,None reported,"$46,998"
Acura,2006,"71,400 mi.",Gasoline,,"$14,990"
Mazda,2003,"9,260 mi.",Gasoline,None reported,"$22,000"
GMC,2023,"28,500 mi.",Gasoline,None reported,"$67,800"
Mercedes-Benz,2008,"91,900 mi.",Gasoline,None reported,"$8,900"
INFINITI,2004,"130,000 mi.",Gasoline,None reported,"$7,500"
Cadillac,2013,"56,860 mi.",Gasoline,At least 1 accident or damage reported,"$21,995"
MINI,2017,"44,300 mi.",Gasoline,None reported,"$20,784"
BMW,2014,"120,000 mi.",Gasoline,,"$20,000"
Mercedes-Benz,2013,"72,500 mi.",Gasoline,None reported,"$31,450"
RAM,2017,"72,000 mi.",Gasoline,At least 1 accident or damage reported,"$24,200"
BMW,2011,"132,000 mi.",Gasoline,None reported,"$11,000"
Rolls-Royce,2018,"7,585 mi.",Gasoline,None reported,"$599,000"
Hyundai,2022,"18,500 mi.",,None reported,"$42,000"
Lexus,2002,"42,000 mi.",Gasoline,At least 1 accident or damage reported,"$15,999"
Jaguar,2023,"4,624 mi.",Gasoline,None reported,"$56,998"
BMW,2006,"106,000 mi.",Gasoline,None reported,"$19,500"
Hyundai,2022,"13,610 mi.",Gasoline,None reported,"$27,450"
Lamborghini,2019,"16,876 mi.",Gasoline,None reported,"$209,900"
Ford,2023,"8,911 mi.",Gasoline,At least 1 accident or damage reported,"$77,430"
Chevrolet,2021,"48,641 mi.",Gasoline,None reported,"$43,666"
GMC,2021,"11,250 mi.",Gasoline,None reported,"$70,250"
Ford,2007,"126,000 mi.",Gasoline,None reported,"$9,000"
BMW,2008,"77,750 mi.",Gasoline,None reported,"$21,000"
Toyota,2020,"27,363 mi.",Gasoline,None reported,"$35,000"
Porsche,2019,"30,951 mi.",Gasoline,None reported,"$80,140"
Ford,2023,208 mi.,,None reported,"$89,000"
Dodge,2021,"20,386 mi.",Gasoline,None reported,"$32,999"
BMW,2018,"45,253 mi.",Plug-In Hybrid,None reported,"$24,995"
GMC,2016,"144,000 mi.",Gasoline,None reported,"$18,400"
Ford,2004,"76,163 mi.",Diesel,None reported,"$20,500"
Hyundai,2015,"61,300 mi.",Gasoline,,"$20,150"
Mitsubishi,2017,"35,698 mi.",Gasoline,None reported,"$8,750"
Mercedes-Benz,2010,"27,000 mi.",Gasoline,None reported,"$22,500"
Mazda,2015,"162,000 mi.",Gasoline,None reported,"$11,500"
BMW,2008,"77,800 mi.",Gasoline,None reported,"$28,500"
Mercedes-Benz,2014,"55,000 mi.",Gasoline,None reported,"$19,250"
Ford,2022,"12,000 mi.",Gasoline,At least 1 accident or damage reported,"$65,999"
Tesla,2017,"70,579 mi.",,None reported,"$42,250"
Jeep,2010,"107,000 mi.",Gasoline,At least 1 accident or damage reported,"$17,500"
Honda,2021,"42,653 mi.",Gasoline,None reported,"$38,998"
Acura,2008,"193,783 mi.",Gasoline,At least 1 accident or damage reported,"$10,000"
Lexus,2014,"123,000 mi.",Gasoline,At least 1 accident or damage reported,"$18,000"
Chevrolet,2011,"130,000 mi.",Gasoline,At least 1 accident or damage reported,"$7,000"
Mitsubishi,2009,"143,346 mi.",Gasoline,At least 1 accident or damage reported,"$3,000"
Land,2015,"112,465 mi.",Gasoline,None reported,"$11,995"
Nissan,2023,"5,121 mi.",,None reported,"$28,196"
Audi,2012,"137,273 mi.",Gasoline,None reported,"$11,000"
Rivian,2023,299 mi.,,None reported,"$92,500"
Lexus,2018,"70,780 mi.",Hybrid,None reported,"$35,700"
Chevrolet,2018,"55,000 mi.",Gasoline,None reported,"$37,900"
Mercedes-Benz,2017,"23,151 mi.",Gasoline,None reported,"$84,500"
Cadillac,2013,"152,000 mi.",Gasoline,At least 1 accident or damage reported,"$8,500"
INFINITI,2020,"23,344 mi.",Gasoline,None reported,"$36,999"
Subaru,2016,"87,092 mi.",Gasoline,At least 1 accident or damage reported,"$19,500"
Toyota,2004,"90,625 mi.",Gasoline,None reported,"$5,500"
Chevrolet,2021,"44,373 mi.",Gasoline,None reported,"$36,000"
BMW,2021,"26,000 mi.",Gasoline,None reported,"$37,000"
Karma,2018,"20,760 mi.",,None reported,"$55,500"
Lexus,2021,"39,102 mi.",Gasoline,None reported,"$51,798"
Alfa,2019,"39,615 mi.",Gasoline,None reported,"$28,900"
GMC,2019,"58,000 mi.",E85 Flex Fuel,None reported,"$36,500"
Lexus,2013,"148,000 mi.",Gasoline,At least 1 accident or damage reported,"$10,000"
Porsche,2011,"104,000 mi.",Gasoline,None reported,"$20,900"
BMW,2013,"46,150 mi.",Gasoline,At least 1 accident or damage reported,"$17,000"
Chevrolet,2022,"18,860 mi.",Diesel,None reported,"$74,500"
Mercedes-Benz,2017,"28,399 mi.",Gasoline,None reported,"$55,600"
Jeep,1998,"136,500 mi.",Gasoline,None reported,"$6,999"
Porsche,2005,"95,170 mi.",Gasoline,None reported,"$24,900"
BMW,2006,"95,450 mi.",Gasoline,At least 1 accident or damage reported,"$42,000"
Chevrolet,2022,"7,652 mi.",Gasoline,None reported,"$39,998"
BMW,2011,"169,000 mi.",Gasoline,At least 1 accident or damage reported,"$10,999"
RAM,2022,"16,744 mi.",Gasoline,None reported,"$46,999"
Mercedes-Benz,2020,"1,025 mi.",Gasoline,None reported,"$299,000"
Chevrolet,2004,"152,000 mi.",Gasoline,At least 1 accident or damage reported,"$7,999"
BMW,2020,"46,000 mi.",Gasoline,None reported,"$54,999"
BMW,2022,"8,000 mi.",Hybrid,None reported,"$85,000"
Ferrari,2016,"14,770 mi.",Gasoline,None reported,"$254,900"
Chevrolet,2016,"84,421 mi.",E85 Flex Fuel,None reported,"$36,800"
Mercedes-Benz,2022,"4,760 mi.",Gasoline,None reported,"$229,000"
GMC,2021,"44,691 mi.",Gasoline,At least 1 accident or damage reported,"$56,900"
Mitsubishi,2022,"11,700 mi.",Gasoline,None reported,"$33,000"
Ford,2019,"2,800 mi.",Gasoline,None reported,"$91,000"
MINI,2010,"58,000 mi.",Gasoline,None reported,"$8,000"
Toyota,2009,"142,500 mi.",Hybrid,None reported,"$6,999"
Cadillac,2007,"191,900 mi.",Gasoline,At least 1 accident or damage reported,"$9,750"
Audi,2016,"63,398 mi.",Gasoline,At least 1 accident or damage reported,"$19,500"
Chevrolet,2008,"162,750 mi.",Gasoline,At least 1 accident or damage reported,"$7,200"
Jaguar,2012,"38,383 mi.",Gasoline,None reported,"$36,949"
Porsche,2022,"1,837 mi.",Gasoline,None reported,"$179,900"
Ford,2022,"36,294 mi.",Diesel,,"$77,535"
Audi,2011,"90,818 mi.",Gasoline,At least 1 accident or damage reported,"$8,300"
Cadillac,2018,"32,000 mi.",Gasoline,None reported,"$22,999"
Ford,2019,"94,650 mi.",Gasoline,None reported,"$37,000"
Mercedes-Benz,2014,"49,899 mi.",Gasoline,None reported,"$72,999"
Jeep,2011,"55,000 mi.",Gasoline,At least 1 accident or damage reported,"$35,000"
BMW,2015,"23,700 mi.",Gasoline,None reported,"$42,800"
Tesla,2018,"46,000 mi.",,None reported,"$59,500"
Maserati,2020,"12,118 mi.",Gasoline,None reported,"$52,900"
Pontiac,2001,"64,000 mi.",Gasoline,None reported,"$21,000"
Ford,2022,"22,169 mi.",Gasoline,None reported,"$57,352"
Ferrari,2020,"1,575 mi.",Gasoline,None reported,"$469,900"
Tesla,2021,"46,897 mi.",,None reported,"$69,000"
Land,2022,"3,369 mi.",Hybrid,None reported,"$139,500"
BMW,2011,"135,000 mi.",Gasoline,None reported,"$9,999"
BMW,2015,"125,000 mi.",Gasoline,None reported,"$15,000"
Cadillac,2017,"134,000 mi.",Gasoline,None reported,"$32,999"
BMW,2014,"143,250 mi.",Gasoline,None reported,"$12,999"
Lexus,2017,"82,975 mi.",Gasoline,None reported,"$31,000"
MINI,2016,"91,700 mi.",Gasoline,None reported,"$13,999"
Ford,2018,"72,393 mi.",Gasoline,None reported,"$35,000"
INFINITI,2016,"71,000 mi.",Gasoline,None reported,"$21,500"
Lexus,2012,"160,900 mi.",Gasoline,None reported,"$15,000"
Dodge,2020,"40,208 mi.",Gasoline,At least 1 accident or damage reported,"$38,000"
Lexus,2017,"77,300 mi.",Gasoline,None reported,"$30,000"
Nissan,2017,"16,700 mi.",Gasoline,None reported,"$26,500"
Subaru,2013,"112,000 mi.",Gasoline,None reported,"$9,999"
BMW,2016,"55,250 mi.",Gasoline,None reported,"$49,999"
INFINITI,2020,"69,000 mi.",Gasoline,None reported,"$31,450"
Rolls-Royce,2023,"1,560 mi.",–,None reported,"$599,995"
Ford,2016,"40,570 mi.",Gasoline,At least 1 accident or damage reported,"$30,490"
Toyota,2020,"46,500 mi.",Gasoline,None reported,"$35,200"
Honda,2000,"26,900 mi.",Gasoline,None reported,"$35,000"
Jeep,2021,"5,779 mi.",Gasoline,,"$41,329"
Ford,2023,"12,000 mi.",Gasoline,None reported,"$54,000"
Ford,2022,"30,301 mi.",Gasoline,None reported,"$68,420"
Toyota,2023,600 mi.,Hybrid,None reported,"$91,995"
Plymouth,2001,"22,300 mi.",Gasoline,None reported,"$28,500"
Alfa,2023,"9,275 mi.",Gasoline,None reported,"$43,900"
Chevrolet,2004,"171,750 mi.",E85 Flex Fuel,At least 1 accident or damage reported,"$12,998"
Mitsubishi,2013,"76,500 mi.",Gasoline,None reported,"$28,000"
Mercedes-Benz,2018,"49,000 mi.",Gasoline,At least 1 accident or damage reported,"$42,995"
Audi,2011,"75,000 mi.",Gasoline,At least 1 accident or damage reported,"$74,000"
Ford,2007,"133,300 mi.",Gasoline,None reported,"$3,000"
BMW,2007,"99,700 mi.",Gasoline,None reported,"$8,500"
Chevrolet,2011,"126,700 mi.",Gasoline,At least 1 accident or damage reported,"$14,000"
BMW,2016,"28,000 mi.",Gasoline,None reported,"$36,995"
Mercedes-Benz,2012,"21,300 mi.",Gasoline,At least 1 accident or damage reported,"$38,500"
Cadillac,2019,"92,000 mi.",Gasoline,None reported,"$51,900"
Chevrolet,2018,"92,149 mi.",Diesel,,"$52,889"
Lexus,2015,"25,756 mi.",Gasoline,None reported,"$49,995"
Kia,2021,"24,534 mi.",Gasoline,None reported,"$21,900"
Land,2018,"58,100 mi.",Gasoline,None reported,"$53,499"
Nissan,2017,"20,220 mi.",Gasoline,None reported,"$32,324"
Honda,2019,"40,069 mi.",Gasoline,At least 1 accident or damage reported,"$27,500"
Subaru,2017,"60,930 mi.",Gasoline,None reported,"$23,750"
Audi,2019,"7,300 mi.",Gasoline,None reported,"$27,900"
Ford,2018,"34,000 mi.",–,At least 1 accident or damage reported,"$25,000"
Chevrolet,2012,"56,000 mi.",E85 Flex Fuel,At least 1 accident or damage reported,"$18,000"
Mercedes-Benz,2014,"136,000 mi.",Gasoline,At least 1 accident or damage reported,"$12,000"
BMW,2020,"31,100 mi.",Gasoline,None reported,"$26,999"
Maserati,2012,"12,100 mi.",Gasoline,None reported,"$37,900"
Ford,2021,"51,902 mi.",Gasoline,None reported,"$57,480"
Audi,2007,"93,000 mi.",Gasoline,At least 1 accident or damage reported,"$10,995"
Land,2016,"99,915 mi.",Gasoline,At least 1 accident or damage reported,"$26,500"
Ford,2022,"7,661 mi.",,None reported,"$49,599"
Chevrolet,2007,"177,000 mi.",E85 Flex Fuel,At least 1 accident or damage reported,"$10,750"
Nissan,2008,"100,900 mi.",Gasoline,None reported,"$6,999"
INFINITI,2017,"107,380 mi.",Gasoline,At least 1 accident or damage reported,"$17,500"
Ford,2021,"32,957 mi.",Gasoline,None reported,"$77,900"
Acura,2016,"45,000 mi.",Gasoline,None reported,"$16,500"
Nissan,2013,"67,000 mi.",Gasoline,None reported,"$15,500"
Chevrolet,2021,"12,600 mi.",Gasoline,None reported,"$47,000"
Porsche,2018,"24,882 mi.",Gasoline,None reported,"$59,800"
Acura,2020,"6,900 mi.",Gasoline,None reported,"$43,500"
Kia,2019,"66,075 mi.",Gasoline,None reported,"$23,754"
Hyundai,2021,"68,050 mi.",Gasoline,None reported,"$29,600"
Ford,2017,"128,000 mi.",Diesel,None reported,"$50,000"
BMW,2021,"9,472 mi.",Gasoline,None reported,"$51,000"
Mitsubishi,2009,"185,963 mi.",Gasoline,At least 1 accident or damage reported,"$5,100"
Nissan,2019,"52,000 mi.",Gasoline,At least 1 accident or damage reported,"$19,500"
Buick,2015,"68,653 mi.",Gasoline,At least 1 accident or damage reported,"$18,950"
Lexus,2004,"151,896 mi.",Gasoline,None reported,"$7,900"
Lexus,2019,"43,671 mi.",Hybrid,None reported,"$44,950"
Ford,2017,"72,128 mi.",E85 Flex Fuel,,"$45,985"
Kia,2013,"134,207 mi.",Gasoline,At least 1 accident or damage reported,"$5,500"
GMC,2020,"26,470 mi.",Gasoline,None reported,"$29,900"
Porsche,2018,"82,300 mi.",Gasoline,None reported,"$35,000"
Lexus,2015,"124,000 mi.",Gasoline,None reported,"$24,000"
Audi,2020,"23,823 mi.",Gasoline,None reported,"$49,995"
GMC,2002,"222,600 mi.",Gasoline,None reported,"$4,999"
Lamborghini,2021,"9,500 mi.",Gasoline,None reported,"$279,900"
INFINITI,2014,"154,247 mi.",Gasoline,At least 1 accident or damage reported,"$12,500"
Chevrolet,2008,"128,000 mi.",Gasoline,None reported,"$23,500"
Maserati,2008,"70,000 mi.",Gasoline,At least 1 accident or damage reported,"$13,000"
Acura,1995,"123,000 mi.",–,None reported,"$10,999"
BMW,2016,"52,375 mi.",Gasoline,At least 1 accident or damage reported,"$48,600"
Chrysler,2016,"100,574 mi.",Gasoline,At least 1 accident or damage reported,"$17,500"
Chrysler,2014,"85,000 mi.",Gasoline,At least 1 accident or damage reported,"$11,250"
Acura,2023,"3,959 mi.",Gasoline,None reported,"$48,998"
Chevrolet,2021,"10,400 mi.",Gasoline,None reported,"$72,900"
Chevrolet,2019,"19,200 mi.",Gasoline,None reported,"$41,500"
Mercedes-Benz,2013,"81,000 mi.",Gasoline,At least 1 accident or damage reported,"$13,000"
Ford,2022,"17,451 mi.",Gasoline,None reported,"$77,900"
Nissan,2011,"165,000 mi.",Gasoline,None reported,"$4,000"
BMW,2024,124 mi.,Gasoline,None reported,"$145,000"
Hyundai,2013,"117,500 mi.",Gasoline,At least 1 accident or damage reported,"$6,500"
Mercedes-Benz,2018,"72,500 mi.",Gasoline,None reported,"$60,000"
Porsche,2023,265 mi.,Gasoline,None reported,"$279,950"
Mercedes-Benz,2020,"21,214 mi.",Gasoline,None reported,"$117,900"
Audi,2014,"55,564 mi.",Diesel,At least 1 accident or damage reported,"$22,500"
Cadillac,2023,"1,090 mi.",,None reported,"$68,750"
Volvo,2019,"43,500 mi.",Gasoline,None reported,"$30,000"
Mercedes-Benz,2019,"35,000 mi.",Hybrid,None reported,"$83,000"
GMC,2017,"92,031 mi.",Gasoline,At least 1 accident or damage reported,"$30,000"
Lexus,2016,"128,032 mi.",Gasoline,None reported,"$18,000"
Jaguar,2018,"18,800 mi.",Gasoline,None reported,"$26,000"
BMW,2023,"2,900 mi.",Gasoline,None reported,"$117,500"
Honda,2017,"91,600 mi.",Gasoline,None reported,"$26,000"
Toyota,2019,"91,843 mi.",Gasoline,At least 1 accident or damage reported,"$30,500"
Ford,2021,"28,105 mi.",Gasoline,,"$32,455"
Dodge,2017,"73,350 mi.",Gasoline,None reported,"$37,000"
Mercedes-Benz,2022,"11,875 mi.",Gasoline,None reported,"$41,598"
Tesla,2018,"47,000 mi.",,None reported,"$49,900"
INFINITI,2017,"67,000 mi.",Gasoline,None reported,"$23,000"
BMW,2016,"117,660 mi.",Gasoline,At least 1 accident or damage reported,"$19,500"
Pontiac,2001,"71,448 mi.",Gasoline,None reported,"$10,500"
Nissan,2015,"86,000 mi.",Gasoline,None reported,"$29,500"
Lexus,2020,"15,324 mi.",Gasoline,At least 1 accident or damage reported,"$33,364"
BMW,2013,"29,400 mi.",Gasoline,None reported,"$29,000"
Lexus,2017,"68,871 mi.",Gasoline,None reported,"$28,450"
Porsche,2012,"126,000 mi.",Gasoline,None reported,"$17,999"
Pontiac,2007,"25,718 mi.",Gasoline,None reported,"$17,900"
Porsche,2015,"67,210 mi.",Gasoline,At least 1 accident or damage reported,"$51,950"
BMW,2018,"27,214 mi.",Gasoline,At least 1 accident or damage reported,"$40,950"
Ford,2019,"42,728 mi.",Gasoline,None reported,"$45,950"
MINI,2010,"97,395 mi.",Gasoline,None reported,"$6,699"
Mazda,2015,"91,700 mi.",Gasoline,None reported,"$12,000"
Mitsubishi,2011,"94,500 mi.",Gasoline,None reported,"$27,000"
Chevrolet,2014,"196,300 mi.",E85 Flex Fuel,None reported,"$10,995"
Cadillac,2015,"54,259 mi.",Gasoline,None reported,"$19,425"
Acura,2021,"36,267 mi.",Gasoline,None reported,"$39,798"
Land,2015,"175,000 mi.",Gasoline,None reported,"$19,500"
Chevrolet,2015,"159,000 mi.",Gasoline,At least 1 accident or damage reported,"$26,900"
Chevrolet,2016,"74,000 mi.",Gasoline,None reported,"$32,000"
Chevrolet,2011,"82,963 mi.",Hybrid,None reported,"$20,995"
Cadillac,2019,"54,323 mi.",Gasoline,None reported,"$27,998"
Nissan,2019,"59,980 mi.",Gasoline,None reported,"$29,000"
Audi,2022,"10,120 mi.",Hybrid,None reported,"$39,998"
BMW,2017,"25,000 mi.",Gasoline,At least 1 accident or damage reported,"$65,000"
BMW,2012,"126,000 mi.",Gasoline,At least 1 accident or damage reported,"$12,700"
Toyota,2020,"37,428 mi.",Gasoline,None reported,"$61,599"
Volkswagen,2014,"99,499 mi.",Gasoline,At least 1 accident or damage reported,"$15,000"
Honda,2012,"90,742 mi.",Gasoline,None reported,"$12,980"
Land,2014,"125,000 mi.",E85 Flex Fuel,At least 1 accident or damage reported,"$22,500"
Hyundai,2018,"71,669 mi.",Gasoline,None reported,"$20,000"
Cadillac,2019,"44,692 mi.",Gasoline,None reported,"$32,368"
Jaguar,2018,"16,002 mi.",Gasoline,None reported,"$74,900"
Toyota,2014,"86,000 mi.",Gasoline,None reported,"$41,500"
Toyota,2019,"56,000 mi.",Gasoline,None reported,"$42,000"
Nissan,1993,"168,000 mi.",–,None reported,"$7,000"
RAM,2017,"41,789 mi.",Gasoline,At least 1 accident or damage reported,"$42,500"
Ford,2014,"60,109 mi.",E85 Flex Fuel,None reported,"$9,499"
Mercedes-Benz,2020,"48,000 mi.",Gasoline,None reported,"$49,995"
Acura,2008,"122,000 mi.",Gasoline,None reported,"$11,500"
Land,2012,"102,800 mi.",Gasoline,None reported,"$16,000"
MINI,2022,"15,544 mi.",Gasoline,,"$28,000"
Mazda,2019,"69,771 mi.",Gasoline,None reported,"$27,500"
Acura,2023,"2,118 mi.",Gasoline,None reported,"$41,998"
Ford,2021,"28,260 mi.",Gasoline,None reported,"$72,950"
Honda,2020,"6,025 mi.",Gasoline,None reported,"$27,500"
Hyundai,2018,"32,697 mi.",Gasoline,At least 1 accident or damage reported,"$15,900"
Ford,2001,"239,000 mi.",Gasoline,None reported,"$8,000"
Jaguar,2017,"34,150 mi.",Gasoline,None reported,"$45,999"
Honda,2022,"9,642 mi.",Gasoline,None reported,"$38,999"
Pontiac,2006,"100,545 mi.",Gasoline,None reported,"$5,995"
Mercedes-Benz,2021,"11,111 mi.",Gasoline,None reported,"$38,998"
Toyota,2007,"162,000 mi.",Gasoline,None reported,"$23,977"
Buick,2020,"87,555 mi.",Gasoline,At least 1 accident or damage reported,"$31,650"
Chevrolet,2015,"102,200 mi.",Gasoline,None reported,"$25,000"
Bentley,2013,"18,950 mi.",Gasoline,None reported,"$77,999"
Mercedes-Benz,2015,"16,000 mi.",Gasoline,At least 1 accident or damage reported,"$30,500"
Cadillac,2022,"19,250 mi.",Gasoline,None reported,"$86,999"
BMW,2015,"65,000 mi.",Gasoline,None reported,"$24,995"
MINI,2007,"110,022 mi.",Gasoline,None reported,"$6,250"
Bentley,2012,"79,089 mi.",E85 Flex Fuel,None reported,"$46,999"
Lexus,2023,"2,533 mi.",Gasoline,None reported,"$64,900"
Audi,2014,"96,273 mi.",Gasoline,At least 1 accident or damage reported,"$15,495"
Cadillac,2020,"22,187 mi.",Gasoline,At least 1 accident or damage reported,"$45,480"
GMC,2009,"137,000 mi.",Gasoline,None reported,"$20,000"
Nissan,2009,"60,747 mi.",Gasoline,At least 1 accident or damage reported,"$71,999"
Dodge,2007,"36,500 mi.",Gasoline,None reported,"$16,000"
Ford,2021,"19,590 mi.",Gasoline,None reported,"$54,999"
Nissan,2015,"16,850 mi.",Gasoline,None reported,"$95,000"
Cadillac,2021,"4,500 mi.",Gasoline,,"$105,000"
Chevrolet,2012,"194,000 mi.",Gasoline,At least 1 accident or damage reported,"$4,900"
Lexus,2020,"48,210 mi.",Gasoline,At least 1 accident or damage reported,"$47,449"
BMW,2018,"81,500 mi.",Gasoline,None reported,"$41,250"
Ford,2021,"77,107 mi.",Gasoline,,"$39,995"
BMW,2015,"58,664 mi.",Gasoline,At least 1 accident or damage reported,"$20,950"
Mitsubishi,2004,"145,000 mi.",Gasoline,None reported,"$8,950"
Lexus,2018,"15,055 mi.",Gasoline,None reported,"$59,000"
Tesla,2015,"67,647 mi.",,None reported,"$28,000"
Lexus,2021,915 mi.,Gasoline,None reported,"$159,000"
Mazda,2003,"46,873 mi.",Gasoline,None reported,"$11,500"
Cadillac,2021,"53,169 mi.",Gasoline,None reported,"$81,500"
Lexus,2022,"35,700 mi.",Gasoline,At least 1 accident or damage reported,"$51,900"
Nissan,2014,"112,600 mi.",Gasoline,At least 1 accident or damage reported,"$13,000"
GMC,2015,"112,552 mi.",Gasoline,At least 1 accident or damage reported,"$24,440"
BMW,2003,"127,273 mi.",Gasoline,None reported,"$15,000"
Lexus,2007,"189,887 mi.",Gasoline,At least 1 accident or damage reported,"$3,995"
BMW,2012,"76,465 mi.",Gasoline,At least 1 accident or damage reported,"$22,500"
Mitsubishi,2007,"136,400 mi.",Gasoline,At least 1 accident or damage reported,"$6,750"
Ford,2004,"79,635 mi.",Gasoline,None reported,"$13,500"
Tesla,2022,"4,665 mi.",,None reported,"$46,598"
Buick,2011,"170,000 mi.",Gasoline,At least 1 accident or damage reported,"$4,000"
Ford,2018,"67,650 mi.",Gasoline,None reported,"$30,000"
Lexus,2016,"119,850 mi.",Gasoline,None reported,"$19,000"
Acura,2008,"116,500 mi.",Gasoline,None reported,"$15,999"
Mercury,1993,"120,644 mi.",–,None reported,"$4,200"
Ford,2010,"169,802 mi.",Gasoline,None reported,"$9,985"
BMW,2021,"36,905 mi.",Gasoline,None reported,"$50,000"
Jeep,2022,"8,400 mi.",Gasoline,At least 1 accident or damage reported,"$47,000"
Hummer,2003,"149,961 mi.",Gasoline,At least 1 accident or damage reported,"$12,500"
Mercedes-Benz,2014,"84,500 mi.",Gasoline,None reported,"$41,500"
Lamborghini,2016,"3,254 mi.",Gasoline,None reported,"$399,900"
Mercedes-Benz,2016,"96,000 mi.",Gasoline,None reported,"$65,000"
Nissan,2009,"88,000 mi.",Gasoline,At least 1 accident or damage reported,"$57,000"
Audi,2011,"35,322 mi.",Gasoline,None reported,"$94,900"
Acura,2020,"32,500 mi.",Gasoline,None reported,"$32,000"
Audi,2016,"71,280 mi.",Gasoline,None reported,"$22,000"
Porsche,2011,"37,200 mi.",Gasoline,None reported,"$27,500"
Saturn,2008,"94,291 mi.",Gasoline,None reported,"$14,500"
Maserati,2006,"54,082 mi.",Gasoline,None reported,"$17,000"
Volvo,2022,"7,800 mi.",Plug-In Hybrid,None reported,"$66,000"
Jeep,2016,"86,250 mi.",Gasoline,None reported,"$22,000"
BMW,2016,"75,479 mi.",Gasoline,None reported,"$27,899"
BMW,2017,"24,650 mi.",Gasoline,None reported,"$50,000"
Volkswagen,2013,"102,750 mi.",Gasoline,None reported,"$20,000"
Alfa,2018,"50,000 mi.",Gasoline,None reported,"$27,500"
BMW,2017,"72,700 mi.",Gasoline,None reported,"$27,499"
BMW,2018,"54,293 mi.",Gasoline,At least 1 accident or damage reported,"$49,000"
Lexus,2018,"16,000 mi.",Gasoline,At least 1 accident or damage reported,"$30,500"
Lamborghini,2006,"19,500 mi.",Gasoline,None reported,"$129,000"
BMW,2014,"71,000 mi.",Gasoline,At least 1 accident or damage reported,"$16,700"
BMW,2019,"60,000 mi.",Gasoline,None reported,"$36,500"
Porsche,1998,"75,539 mi.",Gasoline,None reported,"$11,995"
Alfa,2017,"36,000 mi.",Gasoline,None reported,"$21,000"
Mercedes-Benz,2019,"76,422 mi.",Gasoline,None reported,"$28,998"
Nissan,2016,"42,600 mi.",Gasoline,At least 1 accident or damage reported,"$31,950"
Rivian,2023,211 mi.,,None reported,"$99,000"
Chevrolet,2017,"98,888 mi.",Gasoline,At least 1 accident or damage reported,"$29,000"
Ford,2019,"64,532 mi.",Hybrid,At least 1 accident or damage reported,"$19,395"
BMW,2011,"75,500 mi.",Gasoline,None reported,"$12,975"
Buick,2019,"32,000 mi.",Gasoline,None reported,"$27,000"
Buick,2019,"47,839 mi.",Gasoline,None reported,"$24,991"
Porsche,2013,"98,413 mi.",Gasoline,At least 1 accident or damage reported,"$34,900"
Audi,2022,"9,628 mi.",Gasoline,None reported,"$78,500"
Jaguar,1999,"15,000 mi.",Gasoline,None reported,"$16,370"
Audi,2021,"6,397 mi.",Gasoline,None reported,"$172,900"
Honda,2022,"22,564 mi.",Gasoline,None reported,"$44,998"
Lexus,2015,"110,000 mi.",Gasoline,None reported,"$28,000"
Mercedes-Benz,2022,105 mi.,Diesel,None reported,"$200,000"
Toyota,2004,"186,117 mi.",Gasoline,None reported,"$13,000"
Jeep,2002,"103,500 mi.",Gasoline,None reported,"$12,500"
Cadillac,2019,"8,074 mi.",Gasoline,None reported,"$76,700"
BMW,2011,"43,000 mi.",Gasoline,None reported,"$50,900"
BMW,2015,"70,700 mi.",Gasoline,At least 1 accident or damage reported,"$23,000"
Chevrolet,2022,"42,479 mi.",Gasoline,None reported,"$28,495"
Ford,2000,"205,000 mi.",Gasoline,At least 1 accident or damage reported,"$9,950"
Audi,2019,"22,300 mi.",Gasoline,None reported,"$38,999"
Ford,2017,"104,000 mi.",Gasoline,At least 1 accident or damage reported,"$19,995"
Ford,2022,"13,865 mi.",Gasoline,None reported,"$29,182"
BMW,2022,"15,882 mi.",Gasoline,None reported,"$84,995"
Land,2022,"12,209 mi.",Gasoline,None reported,"$104,900"
Mercedes-Benz,2021,"10,483 mi.",Gasoline,None reported,"$60,998"
Nissan,2017,"31,150 mi.",Gasoline,None reported,"$113,000"
Chrysler,2015,"44,000 mi.",E85 Flex Fuel,At least 1 accident or damage reported,"$12,700"
Hummer,2003,"109,000 mi.",Gasoline,None reported,"$17,500"
BMW,2020,"31,350 mi.",Gasoline,None reported,"$62,450"
Audi,2021,"30,000 mi.",Hybrid,None reported,"$62,000"
Land,2012,"66,500 mi.",Gasoline,None reported,"$19,950"
Nissan,2012,"96,600 mi.",Gasoline,At least 1 accident or damage reported,"$17,000"
Toyota,2015,"198,000 mi.",Gasoline,None reported,"$14,000"
Audi,2013,"91,877 mi.",Gasoline,At least 1 accident or damage reported,"$24,000"
Ford,2018,"45,578 mi.",Gasoline,None reported,"$45,023"
BMW,2015,"54,000 mi.",Gasoline,At least 1 accident or damage reported,"$19,996"
Land,2020,"52,000 mi.",Hybrid,None reported,"$55,000"
Mercedes-Benz,2020,"23,044 mi.",Hybrid,None reported,"$72,598"
Porsche,2008,"132,500 mi.",Gasoline,None reported,"$35,000"
Dodge,2006,"256,000 mi.",Gasoline,None reported,"$4,000"
Mercedes-Benz,2009,"31,370 mi.",Gasoline,None reported,"$65,700"
Chrysler,2008,"67,303 mi.",Gasoline,None reported,"$4,900"
Chevrolet,2021,"12,000 mi.",Gasoline,At least 1 accident or damage reported,"$99,900"
Ford,2023,"16,500 mi.",Gasoline,None reported,"$54,000"
Toyota,2018,"28,800 mi.",Gasoline,None reported,"$42,900"
RAM,2019,"88,000 mi.",Gasoline,At least 1 accident or damage reported,"$39,900"
Ford,2018,"18,515 mi.",Gasoline,At least 1 accident or damage reported,"$60,867"
Tesla,2018,"92,813 mi.",,None reported,"$30,499"
Land,2023,"2,100 mi.",Gasoline,None reported,"$172,000"
Volvo,2019,"58,600 mi.",Gasoline,At least 1 accident or damage reported,"$29,000"
Lexus,2015,"74,500 mi.",Gasoline,None reported,"$33,900"
Tesla,2018,"33,500 mi.",,None reported,"$51,900"
Cadillac,2023,222 mi.,Gasoline,None reported,"$69,000"
Chevrolet,2007,"75,124 mi.",E85 Flex Fuel,None reported,"$16,499"
Chevrolet,2013,"15,500 mi.",Gasoline,None reported,"$45,000"
Audi,2020,"34,300 mi.",Hybrid,None reported,"$52,500"
Honda,2019,"82,000 mi.",Gasoline,None reported,"$32,471"
Acura,2023,"3,389 mi.",Gasoline,None reported,"$38,598"
Porsche,2023,"10,000 mi.",Gasoline,None reported,"$145,000"
Cadillac,2005,"96,000 mi.",Gasoline,At least 1 accident or damage reported,"$4,999"
Dodge,2021,"7,751 mi.",Gasoline,None reported,"$41,950"
Audi,2017,"66,250 mi.",Gasoline,At least 1 accident or damage reported,"$59,200"
Lexus,2012,"109,000 mi.",Hybrid,At least 1 accident or damage reported,"$14,945"
Hyundai,2015,"60,000 mi.",Gasoline,None reported,"$17,000"
Tesla,2020,"14,700 mi.",,None reported,"$63,000"
Mercedes-Benz,2022,"9,006 mi.",Gasoline,None reported,"$56,999"
Toyota,2022,"13,400 mi.",Gasoline,None reported,"$33,499"
Porsche,2020,"28,570 mi.",Gasoline,None reported,"$55,998"
Dodge,2018,"78,000 mi.",Gasoline,At least 1 accident or damage reported,"$44,700"
Lexus,2013,"134,000 mi.",Gasoline,At least 1 accident or damage reported,"$29,995"
Kia,2013,"104,994 mi.",Hybrid,None reported,"$9,000"
Bentley,2016,"31,500 mi.",Gasoline,None reported,"$103,900"
Alfa,2020,"30,000 mi.",Gasoline,None reported,"$28,900"
Lexus,2023,490 mi.,Gasoline,None reported,"$124,999"
Porsche,2020,"18,000 mi.",,None reported,"$105,000"
Toyota,2017,"67,000 mi.",E85 Flex Fuel,None reported,"$37,999"
Kia,2021,"8,263 mi.",Gasoline,None reported,"$29,000"
RAM,2021,"35,003 mi.",Gasoline,None reported,"$40,999"
Chevrolet,2008,"80,000 mi.",Gasoline,None reported,"$31,000"
Chevrolet,2022,"6,200 mi.",Gasoline,None reported,"$99,999"
Jaguar,2014,"74,595 mi.",Gasoline,At least 1 accident or damage reported,"$32,450"
Audi,2013,"87,066 mi.",Gasoline,None reported,"$20,999"
Audi,2019,"38,360 mi.",Gasoline,None reported,"$49,936"
Kia,2020,"38,000 mi.",Gasoline,None reported,"$41,999"
Toyota,2018,"69,641 mi.",Hybrid,At least 1 accident or damage reported,"$23,995"
Toyota,2022,"1,275 mi.",Gasoline,None reported,"$47,999"
BMW,2001,"60,000 mi.",Gasoline,None reported,"$25,000"
Jeep,2014,"99,450 mi.",Gasoline,None reported,"$21,000"
Toyota,2023,200 mi.,Hybrid,None reported,"$82,500"
Porsche,2016,"68,000 mi.",Gasoline,At least 1 accident or damage reported,"$32,950"
Lexus,2010,"212,000 mi.",Gasoline,At least 1 accident or damage reported,"$9,450"
GMC,2019,"73,091 mi.",Diesel,At least 1 accident or damage reported,"$58,500"
Kia,2023,"9,400 mi.",Plug-In Hybrid,None reported,"$31,500"
Porsche,2014,"117,697 mi.",Gasoline,At least 1 accident or damage reported,"$16,975"
Mercedes-Benz,2015,"95,428 mi.",Gasoline,None reported,"$55,000"
Lexus,2017,"116,300 mi.",Gasoline,None reported,"$31,950"
Acura,2019,"56,778 mi.",Hybrid,None reported,"$41,899"
Audi,2023,"5,682 mi.",Hybrid,None reported,"$48,698"
BMW,2017,"37,000 mi.",Gasoline,None reported,"$31,000"
Kia,2015,"103,748 mi.",Gasoline,None reported,"$8,500"
Toyota,2005,"86,000 mi.",Gasoline,None reported,"$22,500"
Land,2013,"125,900 mi.",Gasoline,None reported,"$21,000"
Nissan,2023,"6,200 mi.",Gasoline,None reported,"$48,000"
Ford,2019,"85,000 mi.",Diesel,At least 1 accident or damage reported,"$52,500"
Mercedes-Benz,2017,"19,324 mi.",Gasoline,None reported,"$75,000"
Cadillac,2018,"49,273 mi.",Gasoline,None reported,"$54,000"
Tesla,2019,"42,094 mi.",,None reported,"$32,000"
BMW,2017,"44,000 mi.",Gasoline,None reported,"$55,000"
Chevrolet,2012,"148,377 mi.",Gasoline,,"$5,500"
Dodge,2010,"70,000 mi.",Gasoline,None reported,"$22,000"
Mercedes-Benz,2016,"143,290 mi.",Diesel,None reported,"$33,490"
Ford,2019,"69,205 mi.",Diesel,None reported,"$73,500"
Chevrolet,2015,"123,500 mi.",Gasoline,None reported,"$25,650"
Audi,2018,"70,773 mi.",Gasoline,None reported,"$30,950"
Jeep,2015,"109,000 mi.",Gasoline,At least 1 accident or damage reported,"$7,599"
INFINITI,2014,"71,097 mi.",Gasoline,None reported,"$18,995"
BMW,2013,"76,309 mi.",Gasoline,,"$12,000"
Tesla,2018,"26,609 mi.",,None reported,"$36,998"
Land,2023,"4,126 mi.",Hybrid,,"$155,000"
Nissan,1996,"160,490 mi.",–,None reported,"$15,500"
Cadillac,2014,"80,400 mi.",Gasoline,At least 1 accident or damage reported,"$15,000"
Toyota,2010,"123,620 mi.",Gasoline,At least 1 accident or damage reported,"$9,900"
Acura,2011,"187,883 mi.",Gasoline,None reported,"$5,500"
Mercedes-Benz,2020,"45,000 mi.",Gasoline,None reported,"$133,000"
Honda,2022,"25,420 mi.",Gasoline,None reported,"$24,500"
BMW,2011,"129,999 mi.",Gasoline,None reported,"$29,999"
BMW,2008,"41,048 mi.",Gasoline,None reported,"$38,490"
Nissan,2010,"72,500 mi.",Gasoline,None reported,"$6,750"
RAM,2014,"143,390 mi.",Gasoline,None reported,"$13,000"
Acura,2018,"68,425 mi.",Gasoline,At least 1 accident or damage reported,"$23,500"
Toyota,2018,"95,000 mi.",Gasoline,None reported,"$33,000"
RAM,2019,"29,000 mi.",Gasoline,At least 1 accident or damage reported,"$49,500"
Chevrolet,2003,"145,000 mi.",Gasoline,None reported,"$22,000"
Land,2020,"29,700 mi.",Hybrid,,"$68,000"
Jeep,2011,"98,658 mi.",Gasoline,None reported,"$14,995"
Volvo,2009,"97,615 mi.",Gasoline,None reported,"$10,500"
Porsche,2014,"36,000 mi.",Gasoline,None reported,"$37,000"
Mazda,2021,"61,874 mi.",Gasoline,None reported,"$22,389"
Chrysler,2012,"74,582 mi.",E85 Flex Fuel,None reported,"$8,500"
INFINITI,2013,"51,500 mi.",Gasoline,None reported,"$23,900"
Toyota,2007,"193,827 mi.",Gasoline,None reported,"$14,950"
Chevrolet,2019,"53,433 mi.",Gasoline,None reported,"$36,950"
Mercedes-Benz,2012,"103,000 mi.",Gasoline,At least 1 accident or damage reported,"$40,000"
BMW,2016,"59,000 mi.",Gasoline,At least 1 accident or damage reported,"$20,999"
Lexus,2017,"82,000 mi.",Gasoline,None reported,"$32,900"
Porsche,2016,"60,000 mi.",Gasoline,None reported,"$45,000"
Cadillac,2017,"93,971 mi.",Gasoline,None reported,"$47,000"
Lexus,2015,"62,600 mi.",Gasoline,None reported,"$27,500"
Mercedes-Benz,2014,"84,450 mi.",Gasoline,None reported,"$19,000"
Audi,2022,"18,099 mi.",Hybrid,None reported,"$40,798"
Mercedes-Benz,2014,"76,500 mi.",Gasoline,None reported,"$17,999"
Chevrolet,2017,"74,000 mi.",Gasoline,None reported,"$19,800"
RAM,2022,"15,607 mi.",Gasoline,None reported,"$45,999"
Chevrolet,2014,"111,095 mi.",E85 Flex Fuel,At least 1 accident or damage reported,"$26,000"
Toyota,2007,"37,216 mi.",Gasoline,At least 1 accident or damage reported,"$14,995"
Jaguar,2015,"25,786 mi.",Gasoline,None reported,"$38,500"
Jeep,2021,"15,520 mi.",Gasoline,None reported,"$40,459"
RAM,2021,"49,583 mi.",Gasoline,None reported,"$42,816"
Porsche,2015,"97,300 mi.",Diesel,None reported,"$29,995"
Chevrolet,2002,"89,000 mi.",Gasoline,None reported,"$10,400"
Porsche,2015,"52,111 mi.",Gasoline,At least 1 accident or damage reported,"$37,500"
Dodge,2019,"75,800 mi.",Gasoline,None reported,"$35,998"
Lexus,2010,"113,500 mi.",Gasoline,At least 1 accident or damage reported,"$11,000"
Audi,2015,"155,382 mi.",Gasoline,At least 1 accident or damage reported,"$13,500"
Mercedes-Benz,2016,"49,643 mi.",Gasoline,At least 1 accident or damage reported,"$33,995"
BMW,2015,"76,474 mi.",Gasoline,None reported,"$32,000"
Porsche,2016,"10,431 mi.",Gasoline,None reported,"$50,999"
INFINITI,2009,"190,120 mi.",Gasoline,At least 1 accident or damage reported,"$12,500"
Ford,2020,"92,000 mi.",Gasoline,None reported,"$29,999"
Chevrolet,2017,"24,000 mi.",Gasoline,None reported,"$32,000"
RAM,2020,"25,396 mi.",Gasoline,None reported,"$43,250"
Chevrolet,2001,"167,000 mi.",Gasoline,At least 1 accident or damage reported,"$6,500"
RAM,2022,"18,645 mi.",Gasoline,None reported,"$49,700"
Porsche,2018,"28,470 mi.",Gasoline,At least 1 accident or damage reported,"$147,500"
Ford,2016,"54,000 mi.",Gasoline,None reported,"$23,999"
Hyundai,2003,"83,000 mi.",Gasoline,None reported,"$2,900"
Audi,2022,"10,071 mi.",Hybrid,None reported,"$40,598"
Ford,2021,"43,329 mi.",Gasoline,None reported,"$43,642"
Lexus,2015,"51,400 mi.",Gasoline,None reported,"$43,000"
Chevrolet,2015,"153,800 mi.",E85 Flex Fuel,At least 1 accident or damage reported,"$23,000"
Land,2022,"9,000 mi.",Gasoline,None reported,"$115,000"
Dodge,2003,"10,800 mi.",Gasoline,None reported,"$65,499"
RAM,2020,"10,458 mi.",Gasoline,None reported,"$48,815"
BMW,2014,"84,709 mi.",Gasoline,None reported,"$13,800"
Mercedes-Benz,2019,"33,500 mi.",Gasoline,None reported,"$45,770"
BMW,2015,"98,000 mi.",Gasoline,None reported,"$32,999"
BMW,2008,"94,653 mi.",Gasoline,At least 1 accident or damage reported,"$7,300"
Ford,2023,"9,281 mi.",Gasoline,None reported,"$85,000"
Chevrolet,2023,"11,806 mi.",Gasoline,None reported,"$47,000"
Mercedes-Benz,1993,"70,015 mi.",–,None reported,"$22,500"
Cadillac,2020,"48,613 mi.",Gasoline,At least 1 accident or damage reported,"$61,500"
RAM,2023,"2,990 mi.",Diesel,At least 1 accident or damage reported,"$69,900"
Audi,2005,"124,747 mi.",Gasoline,None reported,"$6,900"
RAM,2021,"24,000 mi.",Hybrid,None reported,"$42,000"
Mazda,2009,"113,000 mi.",Gasoline,None reported,"$5,499"
INFINITI,2017,"89,106 mi.",Gasoline,None reported,"$18,000"
Ford,2017,"22,000 mi.",E85 Flex Fuel,At least 1 accident or damage reported,"$53,000"
Jeep,2022,"20,472 mi.",Gasoline,None reported,"$28,298"
INFINITI,2023,"8,600 mi.",Gasoline,,"$78,990"
Chevrolet,2022,"4,753 mi.",Gasoline,None reported,"$57,000"
Hyundai,2010,"65,000 mi.",Gasoline,,"$8,900"
Chevrolet,2021,"15,000 mi.",Gasoline,None reported,"$43,500"
Chevrolet,1997,"229,000 mi.",Diesel,At least 1 accident or damage reported,"$19,500"
Audi,2014,"42,400 mi.",Diesel,None reported,"$26,500"
Land,2023,"15,840 mi.",Gasoline,None reported,"$69,900"
Porsche,2016,"76,200 mi.",Gasoline,None reported,"$42,000"
Chevrolet,2019,"105,667 mi.",Gasoline,None reported,"$39,000"
Chevrolet,2019,"51,338 mi.",Gasoline,None reported,"$49,900"
Dodge,2016,"76,857 mi.",Gasoline,At least 1 accident or damage reported,"$8,100"
Ford,2019,"80,200 mi.",E85 Flex Fuel,None reported,"$42,500"
Toyota,2002,"244,200 mi.",Gasoline,At least 1 accident or damage reported,"$3,950"
Ford,2014,"38,560 mi.",Gasoline,At least 1 accident or damage reported,"$28,500"
Chevrolet,2020,"12,500 mi.",Gasoline,None reported,"$84,999"
Hyundai,2016,"45,303 mi.",Gasoline,None reported,"$20,999"
Ford,2014,"110,000 mi.",Gasoline,None reported,"$9,495"
Cadillac,2011,"66,200 mi.",Gasoline,None reported,"$16,499"
Subaru,2003,"71,000 mi.",Gasoline,None reported,"$14,900"
Toyota,2019,"81,301 mi.",Gasoline,None reported,"$30,275"
Chevrolet,2019,"7,033 mi.",Gasoline,None reported,"$63,900"
Dodge,2020,"36,000 mi.",Gasoline,None reported,"$62,000"
Acura,2010,"116,000 mi.",Gasoline,At least 1 accident or damage reported,"$9,000"
Chevrolet,2018,"42,780 mi.",Gasoline,At least 1 accident or damage reported,"$41,100"
BMW,2014,"39,886 mi.",Gasoline,At least 1 accident or damage reported,"$26,000"
Audi,2014,"151,400 mi.",Gasoline,None reported,"$15,400"
Alfa,2017,"48,000 mi.",Gasoline,None reported,"$20,500"
Toyota,2023,"8,727 mi.",Gasoline,None reported,"$44,596"
Rolls-Royce,2011,"79,000 mi.",Gasoline,At least 1 accident or damage reported,"$80,300"
Dodge,2020,"54,000 mi.",Gasoline,None reported,"$34,000"
Porsche,2016,"110,000 mi.",Gasoline,At least 1 accident or damage reported,"$25,900"
Chevrolet,2020,"49,688 mi.",,None reported,"$24,900"
Mercedes-Benz,2020,"14,000 mi.",Gasoline,None reported,"$48,000"
Dodge,2023,"5,000 mi.",Gasoline,None reported,"$110,000"
Chevrolet,2022,"11,597 mi.",Gasoline,None reported,"$68,590"
Mercedes-Benz,2017,"86,101 mi.",Gasoline,At least 1 accident or damage reported,"$72,777"
Chevrolet,2017,"58,816 mi.",Gasoline,None reported,"$36,590"
Lexus,2016,"77,856 mi.",Gasoline,None reported,"$30,919"
Lamborghini,2021,"20,069 mi.",Gasoline,None reported,"$229,900"
GMC,2015,"115,282 mi.",Gasoline,At least 1 accident or damage reported,"$12,433"
Porsche,2016,"30,700 mi.",Gasoline,None reported,"$138,999"
MINI,2003,"103,726 mi.",Gasoline,At least 1 accident or damage reported,"$5,995"
Mazda,2008,"39,800 mi.",Gasoline,None reported,"$13,250"
Toyota,2019,"79,500 mi.",Gasoline,None reported,"$33,333"
Toyota,2008,"165,520 mi.",Gasoline,At least 1 accident or damage reported,"$9,000"
BMW,2014,"92,000 mi.",Gasoline,At least 1 accident or damage reported,"$24,000"
Hyundai,2023,"1,500 mi.",Gasoline,None reported,"$55,000"
Pontiac,2008,"38,100 mi.",Gasoline,None reported,"$19,950"
Land,2018,"42,125 mi.",Gasoline,None reported,"$38,999"
Porsche,2014,"86,818 mi.",Diesel,None reported,"$33,500"
BMW,2023,"3,490 mi.",Gasoline,None reported,"$95,580"
Toyota,2008,"111,300 mi.",Gasoline,None reported,"$7,900"
BMW,2011,"98,200 mi.",Gasoline,None reported,"$27,000"
Porsche,2018,"42,500 mi.",Gasoline,At least 1 accident or damage reported,"$53,999"
Jeep,2001,"171,000 mi.",Gasoline,At least 1 accident or damage reported,"$15,000"
Honda,2023,"11,649 mi.",Gasoline,,"$39,999"
Mercedes-Benz,2013,"24,933 mi.",Gasoline,At least 1 accident or damage reported,"$40,250"
Audi,2007,"99,769 mi.",Gasoline,None reported,"$29,995"
Toyota,2022,"16,156 mi.",Gasoline,None reported,"$39,390"
Mercedes-Benz,2008,"67,250 mi.",Gasoline,None reported,"$11,900"
GMC,2021,"30,022 mi.",Gasoline,At least 1 accident or damage reported,"$74,500"
Porsche,2017,"42,596 mi.",Gasoline,None reported,"$78,000"
Ford,2021,"33,705 mi.",Gasoline,At least 1 accident or damage reported,"$36,995"
Land,2016,"63,300 mi.",Gasoline,None reported,"$31,000"
Acura,2023,"4,700 mi.",Gasoline,None reported,"$52,000"
Toyota,2020,"27,256 mi.",Gasoline,None reported,"$42,998"
Hummer,2010,"107,481 mi.",Gasoline,None reported,"$13,500"
Tesla,2018,"61,700 mi.",,None reported,"$25,900"
Volvo,1995,"94,000 mi.",–,None reported,"$4,500"
Jeep,2017,"128,000 mi.",Gasoline,None reported,"$26,800"
Chevrolet,2018,"26,000 mi.",Gasoline,None reported,"$39,000"
Audi,2015,"74,000 mi.",Gasoline,None reported,"$29,950"
Audi,2012,"54,900 mi.",Gasoline,,"$28,900"
INFINITI,2012,"141,775 mi.",Gasoline,None reported,"$11,500"
Volkswagen,2001,"63,250 mi.",Gasoline,None reported,"$12,000"
Audi,2022,"13,895 mi.",Hybrid,None reported,"$44,998"
Lamborghini,2017,"10,654 mi.",Gasoline,None reported,"$449,991"
Ford,2014,"35,900 mi.",E85 Flex Fuel,At least 1 accident or damage reported,"$27,900"
GMC,2022,"48,306 mi.",Gasoline,At least 1 accident or damage reported,"$71,999"
Audi,2012,"125,000 mi.",Gasoline,None reported,"$10,500"
Dodge,2016,"37,700 mi.",–,At least 1 accident or damage reported,"$38,000"
Tesla,2017,"103,000 mi.",,None reported,"$36,000"
Mazda,2021,"45,303 mi.",Gasoline,None reported,"$25,382"
Lexus,2016,"53,900 mi.",Gasoline,None reported,"$27,500"
Jeep,2008,"54,000 mi.",Gasoline,None reported,"$20,000"
Chevrolet,2007,"129,000 mi.",Gasoline,None reported,"$17,950"
Jeep,2022,"10,232 mi.",Gasoline,None reported,"$44,646"
Acura,2023,"3,708 mi.",Gasoline,None reported,"$58,998"
Nissan,2018,"167,000 mi.",Gasoline,,"$14,500"
Tesla,2019,"37,000 mi.",,None reported,"$58,000"
Subaru,2022,"10,419 mi.",Gasoline,At least 1 accident or damage reported,"$24,998"
Audi,2014,"96,238 mi.",Gasoline,At least 1 accident or damage reported,"$22,500"
Subaru,2022,"12,700 mi.",Gasoline,None reported,"$38,500"
Chevrolet,2007,"244,000 mi.",E85 Flex Fuel,None reported,"$16,900"
Porsche,2015,"124,000 mi.",Gasoline,None reported,"$25,000"
BMW,2009,"123,000 mi.",Gasoline,None reported,"$15,000"
GMC,2022,"24,900 mi.",Gasoline,None reported,"$49,900"
Ford,2016,"95,500 mi.",Gasoline,None reported,"$20,000"
Cadillac,2021,"4,283 mi.",Gasoline,None reported,"$479,995"
Lexus,2021,"48,300 mi.",Gasoline,None reported,"$82,000"
BMW,2008,"94,000 mi.",Gasoline,None reported,"$25,999"
Nissan,2011,"183,000 mi.",Gasoline,At least 1 accident or damage reported,"$12,000"
Ford,2013,"126,225 mi.",Hybrid,At least 1 accident or damage reported,"$11,500"
Volkswagen,2016,"87,892 mi.",Gasoline,None reported,"$16,000"
Cadillac,2012,"45,000 mi.",Gasoline,None reported,"$41,500"
Aston,2022,"1,023 mi.",Gasoline,None reported,"$156,900"
Lexus,2015,"106,000 mi.",Gasoline,None reported,"$37,500"
GMC,2019,"51,300 mi.",Gasoline,At least 1 accident or damage reported,"$25,500"
Ford,2021,"30,176 mi.",Gasoline,None reported,"$28,979"
Nissan,2021,"27,598 mi.",Gasoline,None reported,"$39,884"
Volkswagen,2012,"107,000 mi.",Gasoline,None reported,"$9,499"
Land,2019,"17,500 mi.",Gasoline,None reported,"$65,000"
RAM,2017,"117,878 mi.",Diesel,None reported,"$42,000"
Nissan,2010,"138,700 mi.",Gasoline,At least 1 accident or damage reported,"$7,000"
Cadillac,2009,"152,068 mi.",E85 Flex Fuel,At least 1 accident or damage reported,"$12,350"
BMW,2016,"77,000 mi.",Gasoline,At least 1 accident or damage reported,"$26,999"
Ford,2017,"26,000 mi.",Gasoline,None reported,"$37,000"
Lexus,2014,"131,200 mi.",Hybrid,None reported,"$14,000"
Buick,2017,"83,280 mi.",Gasoline,None reported,"$20,599"
BMW,2015,"59,000 mi.",Gasoline,None reported,"$53,500"
Volkswagen,2020,"15,500 mi.",Gasoline,None reported,"$30,000"
BMW,2013,"90,000 mi.",Gasoline,None reported,"$19,950"
INFINITI,2006,"94,000 mi.",Gasoline,At least 1 accident or damage reported,"$10,995"
Hummer,2008,"63,750 mi.",Gasoline,At least 1 accident or damage reported,"$55,000"
Mercedes-Benz,2011,"95,500 mi.",Gasoline,At least 1 accident or damage reported,"$15,990"
Acura,2019,"37,900 mi.",Gasoline,None reported,"$26,000"
Porsche,2015,"13,250 mi.",Gasoline,None reported,"$154,900"
RAM,2019,"76,249 mi.",Gasoline,At least 1 accident or damage reported,"$40,995"
BMW,2001,"81,000 mi.",Gasoline,None reported,"$39,000"
Chevrolet,2022,"37,806 mi.",Gasoline,None reported,"$60,894"
Dodge,2010,"151,544 mi.",Gasoline,At least 1 accident or damage reported,"$17,700"
Chevrolet,2012,"60,345 mi.",Gasoline,None reported,"$26,950"
Dodge,2010,"90,305 mi.",Gasoline,None reported,"$12,000"
Jeep,2022,"13,275 mi.",Gasoline,None reported,"$42,599"
Chevrolet,2018,"8,660 mi.",Gasoline,None reported,"$45,000"
Ford,2021,"28,220 mi.",Diesel,None reported,"$73,600"
Ford,2015,"97,700 mi.",Diesel,None reported,"$39,950"
Chevrolet,2023,"4,200 mi.",Gasoline,None reported,"$98,000"
Bentley,2020,"27,404 mi.",Gasoline,None reported,"$199,991"
Lincoln,2016,"100,000 mi.",Gasoline,None reported,"$24,000"
Ford,2001,"333,361 mi.",Diesel,At least 1 accident or damage reported,"$17,000"
Land,2018,"63,295 mi.",Gasoline,None reported,"$29,993"
Land,2022,"3,000 mi.",Gasoline,None reported,"$96,500"
Chevrolet,2014,"102,604 mi.",E85 Flex Fuel,None reported,"$25,500"
Mercedes-Benz,2017,"39,800 mi.",Gasoline,None reported,"$99,000"
Ford,2019,"124,000 mi.",E85 Flex Fuel,None reported,"$40,100"
Tesla,2022,"12,080 mi.",,None reported,"$36,750"
Lexus,2018,"39,300 mi.",Gasoline,None reported,"$69,500"
INFINITI,2019,"51,000 mi.",Gasoline,At least 1 accident or damage reported,"$29,000"
Rivian,2023,250 mi.,,,"$97,500"
Land,2017,"67,000 mi.",Gasoline,None reported,"$35,999"
INFINITI,2014,"95,400 mi.",Gasoline,,"$14,195"
Hyundai,2013,"136,991 mi.",Gasoline,None reported,"$11,000"
Toyota,2022,"3,959 mi.",Gasoline,None reported,"$55,000"
Jeep,2020,"47,500 mi.",Gasoline,None reported,"$31,000"
Ford,2005,"176,691 mi.",Diesel,At least 1 accident or damage reported,"$13,000"
Tesla,2021,"33,000 mi.",,None reported,"$55,000"
Mercedes-Benz,2014,"34,600 mi.",Gasoline,None reported,"$27,500"
RAM,2014,"84,500 mi.",Gasoline,None reported,"$34,000"
Kia,2022,"36,100 mi.",Hybrid,None reported,"$37,500"
Hyundai,2015,"92,225 mi.",Gasoline,At least 1 accident or damage reported,"$17,000"
Jeep,2020,"17,500 mi.",Gasoline,None reported,"$25,695"
Ford,2011,"114,323 mi.",Gasoline,None reported,"$6,000"
Toyota,2014,"92,000 mi.",Gasoline,None reported,"$27,500"
BMW,2018,"29,025 mi.",Gasoline,None reported,"$29,998"
Dodge,2021,"17,000 mi.",Gasoline,None reported,"$65,000"
Hyundai,2015,"96,476 mi.",Gasoline,None reported,"$13,000"
Volkswagen,2021,"36,311 mi.",Gasoline,None reported,"$39,127"
Land,2016,"56,842 mi.",Gasoline,None reported,"$35,000"
Nissan,2021,"23,677 mi.",Gasoline,None reported,"$29,510"
Buick,2020,"27,340 mi.",Gasoline,None reported,"$31,700"
Chevrolet,2020,"26,177 mi.",Gasoline,,"$41,986"
Pontiac,2009,"122,348 mi.",Gasoline,At least 1 accident or damage reported,"$10,000"
BMW,2015,"98,000 mi.",Gasoline,None reported,"$22,500"
Tesla,2019,"32,300 mi.",,None reported,"$29,000"
MINI,2019,"18,997 mi.",Gasoline,None reported,"$26,750"
Porsche,2016,"40,350 mi.",Gasoline,None reported,"$67,995"
Ford,2011,"156,856 mi.",E85 Flex Fuel,None reported,"$14,300"
Bentley,2022,"1,919 mi.",Gasoline,None reported,"$289,991"
BMW,2017,"61,773 mi.",Gasoline,None reported,"$46,000"
Ford,2011,"74,500 mi.",Gasoline,None reported,"$22,000"
Jeep,2016,"99,000 mi.",Gasoline,At least 1 accident or damage reported,"$5,000"
INFINITI,2008,"63,496 mi.",Gasoline,None reported,"$15,000"
Ford,2022,"18,465 mi.",Gasoline,None reported,"$47,500"
Porsche,2007,"42,635 mi.",Gasoline,None reported,"$72,995"
INFINITI,2005,"99,000 mi.",Gasoline,None reported,"$18,900"
Chrysler,2013,"87,500 mi.",Gasoline,None reported,"$13,750"
Toyota,2007,"138,000 mi.",Gasoline,None reported,"$6,800"
Lexus,2018,"70,891 mi.",Gasoline,None reported,"$28,995"
Buick,2020,"55,403 mi.",Gasoline,At least 1 accident or damage reported,"$29,444"
BMW,2022,"3,213 mi.",Gasoline,None reported,"$89,995"
Pontiac,2005,"142,314 mi.",Gasoline,At least 1 accident or damage reported,"$21,999"
Toyota,2013,"53,000 mi.",Gasoline,None reported,"$36,740"
Hyundai,2014,"120,250 mi.",Gasoline,None reported,"$7,500"
Porsche,2015,"72,329 mi.",Gasoline,None reported,"$29,500"
Hummer,2007,"153,692 mi.",Gasoline,None reported,"$9,995"
Tesla,2021,"32,670 mi.",,None reported,"$37,000"
Ford,2018,"235,000 mi.",Gasoline,,"$18,000"
Rivian,2022,"8,681 mi.",,None reported,"$82,000"
Audi,2012,"98,400 mi.",Gasoline,None reported,"$18,000"
Toyota,2023,"1,400 mi.",Gasoline,None reported,"$46,500"
Tesla,2018,"32,000 mi.",,None reported,"$29,999"
Ford,1997,"92,800 mi.",Gasoline,None reported,"$9,000"
Mercedes-Benz,2021,"75,151 mi.",Gasoline,None reported,"$130,000"
Subaru,2008,"94,000 mi.",Gasoline,None reported,"$12,500"
Mercedes-Benz,2014,"67,350 mi.",Gasoline,At least 1 accident or damage reported,"$18,700"
BMW,2001,"66,500 mi.",Gasoline,None reported,"$21,000"
Mercedes-Benz,2014,"70,612 mi.",Gasoline,None reported,"$14,500"
Toyota,2007,"112,630 mi.",Gasoline,At least 1 accident or damage reported,"$11,500"
Dodge,2014,"124,705 mi.",E85 Flex Fuel,None reported,"$6,499"
BMW,2018,"61,000 mi.",Gasoline,At least 1 accident or damage reported,"$34,000"
RAM,2017,"157,272 mi.",Diesel,At least 1 accident or damage reported,"$32,999"
Mercedes-Benz,2015,"84,000 mi.",Gasoline,None reported,"$20,399"
Jeep,2020,"27,981 mi.",Gasoline,None reported,"$47,500"
Bentley,2009,"18,000 mi.",Gasoline,None reported,"$63,000"
Tesla,2019,"27,123 mi.",,None reported,"$38,200"
Chevrolet,2021,"3,053 mi.",Gasoline,None reported,"$83,900"
Audi,2015,"60,251 mi.",Gasoline,At least 1 accident or damage reported,"$19,000"
Mazda,2021,"5,093 mi.",Gasoline,None reported,"$28,000"
Bentley,2018,"31,875 mi.",Gasoline,None reported,"$115,785"
Mercedes-Benz,2005,"175,722 mi.",Gasoline,None reported,"$7,000"
BMW,2015,"17,900 mi.",Gasoline,None reported,"$59,900"
GMC,2015,"142,792 mi.",Gasoline,None reported,"$22,999"
BMW,2001,"53,814 mi.",Gasoline,,"$11,800"
Toyota,2010,"89,400 mi.",Gasoline,None reported,"$26,900"
Chrysler,2007,"86,000 mi.",Gasoline,None reported,"$15,000"
smart,2008,"61,595 mi.",Gasoline,None reported,"$5,000"
Toyota,2018,"74,000 mi.",E85 Flex Fuel,At least 1 accident or damage reported,"$38,000"
Hummer,2004,"130,000 mi.",Gasoline,At least 1 accident or damage reported,"$16,500"
BMW,2015,"86,000 mi.",Gasoline,At least 1 accident or damage reported,"$29,000"
Land,2008,"140,600 mi.",Gasoline,None reported,"$7,500"
Audi,2018,"27,532 mi.",Gasoline,None reported,"$27,900"
Ford,2017,"91,000 mi.",E85 Flex Fuel,None reported,"$12,500"
Mercedes-Benz,2014,"63,000 mi.",Gasoline,None reported,"$28,500"
Jeep,2022,"10,500 mi.",Plug-In Hybrid,None reported,"$49,999"
Mercedes-Benz,2014,"75,073 mi.",E85 Flex Fuel,None reported,"$21,500"
Jeep,2008,"140,000 mi.",Gasoline,At least 1 accident or damage reported,"$9,000"
Mercedes-Benz,2019,"30,300 mi.",Gasoline,None reported,"$30,500"
Chevrolet,2009,"139,000 mi.",Gasoline,None reported,"$4,200"
Hummer,2006,"118,000 mi.",Gasoline,None reported,"$17,900"
BMW,2015,"51,000 mi.",Plug-In Hybrid,None reported,"$53,000"
Cadillac,2009,"69,423 mi.",Gasoline,None reported,"$36,500"
Lincoln,2017,"52,284 mi.",Gasoline,At least 1 accident or damage reported,"$12,500"
Chevrolet,2006,"111,228 mi.",Gasoline,At least 1 accident or damage reported,"$4,000"
Land,2019,"52,300 mi.",Gasoline,None reported,"$49,900"
Nissan,2021,"95,993 mi.",Gasoline,None reported,"$32,612"
Kia,2022,"26,716 mi.",Gasoline,None reported,"$47,541"
Chevrolet,2023,"39,517 mi.",Gasoline,At least 1 accident or damage reported,"$67,190"
Ford,2019,"31,600 mi.",Gasoline,None reported,"$41,000"
BMW,2017,"83,298 mi.",Gasoline,None reported,"$18,300"
Land,2017,"95,212 mi.",Gasoline,None reported,"$31,599"
Porsche,2010,"61,600 mi.",Gasoline,None reported,"$51,750"
INFINITI,2011,"130,921 mi.",Gasoline,None reported,"$12,000"
RAM,2020,"41,000 mi.",Gasoline,,"$45,515"
BMW,2024,"1,500 mi.",Gasoline,None reported,"$90,000"
MINI,2017,"79,950 mi.",Gasoline,None reported,"$17,390"
Cadillac,2021,"31,500 mi.",Gasoline,None reported,"$95,000"
Audi,2017,"61,000 mi.",Gasoline,None reported,"$140,000"
RAM,2021,"45,867 mi.",Gasoline,None reported,"$43,449"
Porsche,2014,"22,700 mi.",Gasoline,At least 1 accident or damage reported,"$85,500"
Bentley,2009,"43,000 mi.",Gasoline,None reported,"$48,500"
Toyota,2015,"99,000 mi.",Gasoline,None reported,"$27,000"
Toyota,2006,"135,000 mi.",Gasoline,None reported,"$16,900"
Cadillac,2019,"46,000 mi.",Gasoline,At least 1 accident or damage reported,"$29,000"
Ford,2014,"79,615 mi.",Gasoline,None reported,"$10,995"
BMW,2021,"13,250 mi.",Gasoline,None reported,"$86,900"
Land,2019,"41,200 mi.",Gasoline,None reported,"$60,500"
Cadillac,2016,"116,500 mi.",Gasoline,At least 1 accident or damage reported,"$30,500"
Acura,1993,"75,980 mi.",–,None reported,"$90,200"
Chevrolet,2018,"24,059 mi.",Gasoline,None reported,"$87,150"
Audi,2015,"118,500 mi.",E85 Flex Fuel,At least 1 accident or damage reported,"$15,400"
BMW,2020,"15,097 mi.",Gasoline,None reported,"$99,998"
Maserati,2018,"20,000 mi.",Gasoline,None reported,"$43,000"
BMW,2020,"10,426 mi.",Gasoline,None reported,"$30,798"
Ford,2023,"9,500 mi.",Gasoline,At least 1 accident or damage reported,"$63,500"
Nissan,2006,"134,000 mi.",Gasoline,At least 1 accident or damage reported,"$8,500"
Subaru,2022,"10,500 mi.",Gasoline,None reported,"$32,500"
Chevrolet,2018,"53,100 mi.",Gasoline,None reported,"$17,500"
Ford,2017,"80,134 mi.",E85 Flex Fuel,None reported,"$13,895"
Nissan,2021,"24,000 mi.",Gasoline,None reported,"$25,500"
Volvo,2006,"61,000 mi.",Gasoline,None reported,"$10,299"
Lincoln,2021,"19,700 mi.",Gasoline,None reported,"$48,000"
Mercedes-Benz,2018,"28,182 mi.",Gasoline,At least 1 accident or damage reported,"$84,500"
Ford,2017,"59,500 mi.",Gasoline,At least 1 accident or damage reported,"$21,000"
Ford,1999,"115,402 mi.",E85 Flex Fuel,None reported,"$8,000"
GMC,2018,"85,500 mi.",Gasoline,At least 1 accident or damage reported,"$35,899"
RAM,2020,"51,000 mi.",Gasoline,None reported,"$44,900"
Tesla,2021,"17,500 mi.",,None reported,"$45,000"
Lexus,2011,"132,000 mi.",Gasoline,None reported,"$9,999"
Jeep,2016,"67,882 mi.",Gasoline,None reported,"$32,798"
Volvo,2018,"62,000 mi.",Gasoline,None reported,"$30,500"
Porsche,2016,"12,454 mi.",Gasoline,None reported,"$210,000"
BMW,2017,"27,965 mi.",Gasoline,None reported,"$58,000"
Cadillac,2013,"119,000 mi.",E85 Flex Fuel,,"$20,500"
BMW,2018,"48,000 mi.",Gasoline,None reported,"$32,000"
BMW,2020,"5,541 mi.",Gasoline,None reported,"$56,598"
Mitsubishi,2018,"29,000 mi.",Gasoline,None reported,"$19,500"
Dodge,2010,"131,100 mi.",E85 Flex Fuel,At least 1 accident or damage reported,"$12,995"
Subaru,2015,"102,242 mi.",Gasoline,At least 1 accident or damage reported,"$11,498"
Mercedes-Benz,2016,"18,069 mi.",Gasoline,None reported,"$79,999"
Kia,2023,"13,000 mi.",Gasoline,None reported,"$31,900"
Porsche,2008,"51,000 mi.",Gasoline,At least 1 accident or damage reported,"$69,500"
Hummer,2007,"137,333 mi.",Gasoline,At least 1 accident or damage reported,"$10,000"
Buick,2014,"125,559 mi.",Gasoline,At least 1 accident or damage reported,"$11,200"
Chevrolet,2020,"88,161 mi.",Gasoline,At least 1 accident or damage reported,"$48,889"
Toyota,2016,"101,900 mi.",Gasoline,None reported,"$29,000"
Cadillac,2015,"159,500 mi.",Gasoline,At least 1 accident or damage reported,"$18,800"
Subaru,2015,"68,860 mi.",Gasoline,At least 1 accident or damage reported,"$15,000"
Tesla,2018,"43,000 mi.",,At least 1 accident or damage reported,"$30,499"
Ford,2017,"182,000 mi.",Gasoline,At least 1 accident or damage reported,"$16,500"
Tesla,2022,"21,404 mi.",,None reported,"$49,500"
Ford,2017,"81,000 mi.",Gasoline,None reported,"$27,000"
Chevrolet,2021,"62,257 mi.",Gasoline,None reported,"$42,590"
BMW,2016,"91,798 mi.",Hybrid,None reported,"$22,998"
BMW,2011,"82,000 mi.",Gasoline,At least 1 accident or damage reported,"$20,000"
Ford,2012,"207,100 mi.",Gasoline,At least 1 accident or damage reported,"$15,000"
Land,2023,450 mi.,Hybrid,None reported,"$124,000"
Porsche,2016,"77,945 mi.",Gasoline,At least 1 accident or damage reported,"$30,000"
Kia,2022,"15,583 mi.",Hybrid,None reported,"$40,599"
BMW,2017,"37,100 mi.",Gasoline,At least 1 accident or damage reported,"$26,125"
Maserati,2006,"51,000 mi.",Gasoline,At least 1 accident or damage reported,"$18,000"
Ford,2017,"94,000 mi.",Gasoline,None reported,"$26,000"
Land,2003,"121,886 mi.",Gasoline,At least 1 accident or damage reported,"$6,000"
Ford,2008,"157,500 mi.",Gasoline,At least 1 accident or damage reported,"$15,000"
Ford,2014,"138,415 mi.",Gasoline,At least 1 accident or damage reported,"$15,500"
Land,2012,"110,000 mi.",Gasoline,None reported,"$10,200"
Cadillac,2023,"8,532 mi.",Diesel,None reported,"$109,900"
GMC,2021,"12,941 mi.",Gasoline,At least 1 accident or damage reported,"$51,500"
BMW,2009,"69,764 mi.",Gasoline,None reported,"$19,500"
Porsche,2003,"90,000 mi.",Gasoline,,"$24,000"
Audi,2022,"8,193 mi.",Hybrid,None reported,"$42,598"
Lexus,2020,"43,277 mi.",Gasoline,None reported,"$43,599"
Audi,2018,"26,500 mi.",Gasoline,At least 1 accident or damage reported,"$38,000"
Chevrolet,2019,"36,021 mi.",Gasoline,,"$35,670"
Chevrolet,2019,"25,462 mi.",Gasoline,None reported,"$36,139"
Audi,2018,"35,850 mi.",Gasoline,None reported,"$33,000"
Mazda,2008,"77,700 mi.",Gasoline,None reported,"$6,300"
Jaguar,2021,"23,600 mi.",Hybrid,None reported,"$42,999"
Ferrari,2019,"8,870 mi.",Gasoline,None reported,"$215,000"
Toyota,2001,"122,000 mi.",Gasoline,None reported,"$7,800"
Ford,2003,"245,000 mi.",Diesel,At least 1 accident or damage reported,"$17,999"
Porsche,2022,"4,700 mi.",Gasoline,None reported,"$134,000"
Subaru,2016,"84,100 mi.",Gasoline,None reported,"$34,000"
Audi,2021,"33,000 mi.",Hybrid,None reported,"$40,000"
Tesla,2018,"10,065 mi.",,None reported,"$59,999"
Mercedes-Benz,2018,"3,811 mi.",Gasoline,None reported,"$148,500"
Acura,2021,"44,457 mi.",Gasoline,None reported,"$40,598"
Audi,2013,"139,355 mi.",Gasoline,None reported,"$20,900"
Lotus,2010,"9,100 mi.",Gasoline,None reported,"$55,000"
Mercedes-Benz,2019,"10,500 mi.",Gasoline,None reported,"$77,900"
Chevrolet,2023,"5,006 mi.",Gasoline,None reported,"$59,590"
Hyundai,2013,"55,000 mi.",Gasoline,,"$18,000"
BMW,2021,"33,500 mi.",Gasoline,None reported,"$71,000"
BMW,2014,"126,500 mi.",Gasoline,None reported,"$15,000"
Land,2016,"79,000 mi.",Gasoline,None reported,"$24,000"
Porsche,2018,"19,000 mi.",Gasoline,None reported,"$145,000"
RAM,2021,"57,000 mi.",Diesel,None reported,"$52,000"
BMW,2020,"4,880 mi.",Gasoline,None reported,"$57,998"
Acura,2018,"6,523 mi.",Hybrid,None reported,"$143,900"
Mercedes-Benz,2005,"127,000 mi.",Gasoline,None reported,"$14,000"
Lexus,2002,"89,500 mi.",Gasoline,None reported,"$15,999"
Chevrolet,2000,"97,000 mi.",Gasoline,None reported,"$27,500"
Buick,2021,"31,181 mi.",Gasoline,At least 1 accident or damage reported,"$42,442"
Lexus,2020,"16,425 mi.",Hybrid,At least 1 accident or damage reported,"$33,200"
Lexus,2022,"11,238 mi.",Gasoline,None reported,"$54,798"
Chevrolet,2005,"97,146 mi.",E85 Flex Fuel,At least 1 accident or damage reported,"$7,999"
Mercedes-Benz,2015,"36,670 mi.",Gasoline,None reported,"$39,998"
Chevrolet,2019,"44,800 mi.",Gasoline,None reported,"$52,500"
Ford,2015,"150,000 mi.",Gasoline,At least 1 accident or damage reported,"$17,100"
INFINITI,2020,"38,400 mi.",Gasoline,None reported,"$32,100"
Bentley,2008,"7,960 mi.",Gasoline,None reported,"$81,500"
Nissan,2007,"117,000 mi.",Gasoline,At least 1 accident or damage reported,"$9,975"
Rivian,2023,159 mi.,,None reported,"$95,500"
McLaren,2017,"30,200 mi.",Gasoline,None reported,"$139,000"
Nissan,2012,"91,545 mi.",Gasoline,None reported,"$8,999"
Land,2015,"110,000 mi.",E85 Flex Fuel,At least 1 accident or damage reported,"$26,499"
BMW,2017,"105,100 mi.",Gasoline,At least 1 accident or damage reported,"$23,300"
INFINITI,2012,"110,000 mi.",Gasoline,None reported,"$15,600"
Ford,2019,"81,778 mi.",Gasoline,None reported,"$32,769"
Lexus,2010,"168,422 mi.",Hybrid,At least 1 accident or damage reported,"$10,900"
Maserati,2018,"80,500 mi.",Gasoline,None reported,"$34,900"
Volvo,2018,"81,200 mi.",Gasoline,At least 1 accident or damage reported,"$28,825"
Lamborghini,2020,"6,246 mi.",Gasoline,None reported,"$267,950"
Jeep,2017,"20,172 mi.",Gasoline,None reported,"$47,500"
Hummer,2005,"145,000 mi.",Gasoline,None reported,"$22,500"
Ford,2009,"162,000 mi.",Gasoline,At least 1 accident or damage reported,"$7,500"
Porsche,2020,"13,554 mi.",Gasoline,None reported,"$124,995"
Toyota,2007,"59,700 mi.",Gasoline,None reported,"$9,500"
Mercedes-Benz,2020,"30,930 mi.",Gasoline,None reported,"$28,900"
BMW,2009,"51,983 mi.",Gasoline,None reported,"$19,999"
Chevrolet,2022,"22,000 mi.",Gasoline,None reported,"$50,000"
Volkswagen,2023,"16,800 mi.",,None reported,"$45,000"
Chevrolet,2022,"16,000 mi.",Diesel,At least 1 accident or damage reported,"$73,995"
Nissan,2020,"22,295 mi.",Gasoline,None reported,"$23,599"
Bentley,2020,"33,000 mi.",Gasoline,None reported,"$188,500"
Toyota,2023,"1,025 mi.",Hybrid,None reported,"$85,000"
Acura,2013,"89,190 mi.",Gasoline,At least 1 accident or damage reported,"$15,499"
Toyota,2020,"53,550 mi.",Gasoline,None reported,"$39,687"
Ford,2021,"56,946 mi.",Gasoline,None reported,"$26,299"
Jaguar,2016,"11,684 mi.",Gasoline,None reported,"$54,900"
GMC,2018,"45,617 mi.",Gasoline,None reported,"$51,000"
Chevrolet,2018,"75,466 mi.",Gasoline,None reported,"$34,500"
Maserati,2021,"19,513 mi.",Gasoline,At least 1 accident or damage reported,"$84,645"
Subaru,2021,"15,636 mi.",Gasoline,None reported,"$33,531"
Mercedes-Benz,2018,"69,600 mi.",Gasoline,None reported,"$40,888"
Mercedes-Benz,2011,"138,050 mi.",Gasoline,None reported,"$16,500"
Ford,2017,"132,269 mi.",E85 Flex Fuel,None reported,"$35,900"
Hyundai,2020,"45,815 mi.",Gasoline,None reported,"$37,700"
Ford,2021,"25,352 mi.",Gasoline,None reported,"$48,459"
Mercedes-Benz,2008,"120,000 mi.",Gasoline,None reported,"$8,995"
Chevrolet,2018,"75,151 mi.",Gasoline,At least 1 accident or damage reported,"$45,000"
Jeep,2016,"74,139 mi.",Gasoline,None reported,"$23,000"
Chevrolet,1994,"170,443 mi.",–,At least 1 accident or damage reported,"$6,000"
Jaguar,1995,"70,000 mi.",–,None reported,"$19,000"
BMW,2012,"68,500 mi.",Gasoline,None reported,"$17,800"
Lexus,2020,"37,366 mi.",Gasoline,,"$51,890"
Tesla,2021,"35,315 mi.",,None reported,"$66,900"
Volkswagen,2017,"61,000 mi.",Gasoline,None reported,"$15,995"
Jeep,2022,"12,050 mi.",Gasoline,None reported,"$41,599"
Jaguar,2001,"150,000 mi.",Gasoline,At least 1 accident or damage reported,"$9,875"
Porsche,2016,"46,200 mi.",Gasoline,At least 1 accident or damage reported,"$41,500"
Mercedes-Benz,2014,"88,000 mi.",Gasoline,None reported,"$15,500"
Mercedes-Benz,2015,"47,000 mi.",Gasoline,None reported,"$30,089"
Land,2017,"50,340 mi.",Gasoline,At least 1 accident or damage reported,"$47,000"
Mercedes-Benz,2010,"67,800 mi.",Gasoline,None reported,"$13,999"
Dodge,2002,"150,000 mi.",Gasoline,At least 1 accident or damage reported,"$5,500"
Chevrolet,2018,"13,500 mi.",Gasoline,At least 1 accident or damage reported,"$54,000"
Hummer,2007,"101,750 mi.",Gasoline,None reported,"$12,900"
Honda,2022,"18,385 mi.",Gasoline,None reported,"$37,950"
Nissan,2008,"123,500 mi.",Gasoline,At least 1 accident or damage reported,"$13,500"
GMC,2017,"117,000 mi.",E85 Flex Fuel,None reported,"$38,000"
Mercedes-Benz,2010,"86,121 mi.",Gasoline,None reported,"$13,600"
Lexus,2020,"22,466 mi.",Gasoline,None reported,"$45,900"
Nissan,2017,"80,000 mi.",Gasoline,None reported,"$23,800"
Chrysler,2020,"23,152 mi.",Gasoline,None reported,"$28,250"
Dodge,2006,"91,300 mi.",Gasoline,None reported,"$9,200"
Nissan,2020,"45,000 mi.",Gasoline,None reported,"$28,999"
Rivian,2023,"1,885 mi.",,None reported,"$93,500"
Ford,2018,"73,049 mi.",Gasoline,At least 1 accident or damage reported,"$30,510"
Nissan,2021,"7,250 mi.",Gasoline,None reported,"$38,000"
Jaguar,2019,"44,000 mi.",Gasoline,None reported,"$29,000"
Ford,2014,"85,500 mi.",Gasoline,None reported,"$26,900"
GMC,2021,"18,083 mi.",Gasoline,None reported,"$43,999"
Lamborghini,2005,"22,703 mi.",Gasoline,None reported,"$220,000"
Chevrolet,2011,"111,000 mi.",Gasoline,None reported,"$10,900"
GMC,2013,"115,000 mi.",Gasoline,None reported,"$14,000"
Chevrolet,2021,"33,400 mi.",Gasoline,None reported,"$28,000"
Toyota,2007,"136,000 mi.",Gasoline,None reported,"$12,500"
Lexus,2021,"26,800 mi.",Gasoline,None reported,"$44,000"
Tesla,2022,"30,000 mi.",,None reported,"$51,999"
Dodge,2008,"251,634 mi.",Gasoline,None reported,"$10,500"
Chrysler,2005,"119,000 mi.",Gasoline,None reported,"$3,500"
Cadillac,2021,"28,121 mi.",Gasoline,None reported,"$89,000"
Chrysler,2009,"111,000 mi.",Gasoline,None reported,"$7,900"
Mazda,2016,"116,500 mi.",Gasoline,None reported,"$14,311"
Acura,2005,"199,296 mi.",Gasoline,None reported,"$4,900"
Chevrolet,2023,202 mi.,Gasoline,None reported,"$179,000"
Tesla,2021,"11,200 mi.",,None reported,"$47,500"
Volvo,2020,"56,536 mi.",Gasoline,None reported,"$26,599"
Chevrolet,2016,"49,600 mi.",Gasoline,None reported,"$32,500"
Acura,2023,"13,600 mi.",Gasoline,None reported,"$65,000"
Volkswagen,2007,"59,700 mi.",Gasoline,None reported,"$10,000"
Dodge,2018,"19,000 mi.",Gasoline,None reported,"$44,888"
Chevrolet,2002,"17,300 mi.",Gasoline,None reported,"$33,999"
Mercedes-Benz,2014,"91,140 mi.",Gasoline,None reported,"$13,500"
BMW,2015,"33,000 mi.",Gasoline,None reported,"$65,000"
Jeep,2019,"52,775 mi.",Gasoline,None reported,"$39,799"
Mitsubishi,2011,"113,000 mi.",Gasoline,None reported,"$5,800"
Porsche,2022,"13,000 mi.",Gasoline,None reported,"$60,000"
Mercedes-Benz,2009,"77,925 mi.",Gasoline,None reported,"$16,500"
Dodge,2011,"106,500 mi.",–,At least 1 accident or damage reported,"$22,500"
Mazda,2018,"15,175 mi.",Gasoline,At least 1 accident or damage reported,"$19,212"
Audi,2017,"137,000 mi.",Gasoline,None reported,"$10,995"
BMW,2015,"111,000 mi.",Gasoline,At least 1 accident or damage reported,"$15,000"
Land,2019,"49,208 mi.",Gasoline,None reported,"$62,425"
Audi,2018,"44,000 mi.",Gasoline,None reported,"$39,000"
Porsche,2017,"26,000 mi.",Gasoline,None reported,"$45,500"
Chevrolet,2020,"1,800 mi.",Gasoline,None reported,"$76,000"
Lamborghini,2021,"3,771 mi.",Gasoline,None reported,"$259,991"
Maserati,2012,"50,000 mi.",Gasoline,None reported,"$26,497"
Subaru,2018,"93,000 mi.",Gasoline,At least 1 accident or damage reported,"$16,000"
Mercedes-Benz,2020,"15,000 mi.",Gasoline,None reported,"$129,000"
Mazda,2016,"119,500 mi.",Gasoline,None reported,"$15,000"
Porsche,2016,"50,000 mi.",Gasoline,None reported,"$36,000"
Porsche,2011,"85,000 mi.",Gasoline,,"$21,500"
Genesis,2019,"48,000 mi.",Gasoline,None reported,"$29,999"
Jeep,2021,"11,756 mi.",Gasoline,At least 1 accident or damage reported,"$33,400"
Audi,2018,"50,400 mi.",Gasoline,None reported,"$28,500"
BMW,2012,"153,600 mi.",Gasoline,None reported,"$17,500"
Land,2023,"1,869 mi.",Gasoline,None reported,"$164,725"
Dodge,2022,"31,917 mi.",Gasoline,None reported,"$64,683"
BMW,2016,"56,235 mi.",Gasoline,None reported,"$50,500"
Ford,2019,"28,724 mi.",Gasoline,At least 1 accident or damage reported,"$18,300"
Lincoln,2015,"124,400 mi.",Gasoline,At least 1 accident or damage reported,"$9,500"
Chevrolet,2020,"137,000 mi.",Gasoline,None reported,"$46,000"
Ferrari,2005,"38,686 mi.",Gasoline,None reported,"$99,999"
Ford,2022,"6,600 mi.",Gasoline,At least 1 accident or damage reported,"$72,900"
Mercedes-Benz,2007,"67,200 mi.",Gasoline,None reported,"$11,500"
Porsche,2021,"16,554 mi.",Gasoline,None reported,"$51,698"
BMW,2023,"15,736 mi.",Plug-In Hybrid,None reported,"$67,900"
Mercedes-Benz,2005,"153,460 mi.",Gasoline,At least 1 accident or damage reported,"$5,800"
Acura,2012,"70,000 mi.",Gasoline,At least 1 accident or damage reported,"$15,051"
Hyundai,2011,"143,898 mi.",Gasoline,None reported,"$9,950"
Mercedes-Benz,2003,"26,190 mi.",Gasoline,None reported,"$22,000"
Toyota,2000,"209,193 mi.",Gasoline,None reported,"$15,900"
RAM,2018,"27,839 mi.",Gasoline,None reported,"$41,688"
Chevrolet,2018,"141,195 mi.",E85 Flex Fuel,,"$28,499"
Porsche,2022,"20,250 mi.",Gasoline,None reported,"$68,500"
Jeep,2022,"18,333 mi.",Gasoline,None reported,"$41,599"
Mercedes-Benz,2014,"35,000 mi.",Gasoline,None reported,"$29,998"
Dodge,2006,"133,255 mi.",Gasoline,None reported,"$4,000"
Porsche,2021,"14,526 mi.",Gasoline,None reported,"$79,998"
Mercedes-Benz,2014,"43,690 mi.",Gasoline,None reported,"$23,500"
Porsche,2020,"29,136 mi.",Gasoline,None reported,"$58,598"
Cadillac,2017,"72,060 mi.",Gasoline,None reported,"$24,590"
Toyota,2023,"8,800 mi.",Gasoline,None reported,"$68,500"
Nissan,2015,"85,768 mi.",Gasoline,At least 1 accident or damage reported,"$8,250"
Mercedes-Benz,2022,"2,235 mi.",Hybrid,None reported,"$110,000"
Buick,2019,"121,521 mi.",Gasoline,None reported,"$26,772"
Porsche,2015,"23,700 mi.",Gasoline,None reported,"$144,940"
BMW,2013,"124,000 mi.",Gasoline,None reported,"$11,900"
Acura,2018,"32,260 mi.",Gasoline,None reported,"$20,999"
Lexus,2015,"92,000 mi.",Gasoline,None reported,"$28,000"
Toyota,2010,"269,885 mi.",Gasoline,At least 1 accident or damage reported,"$22,500"
Chevrolet,2008,"51,855 mi.",Gasoline,None reported,"$35,900"
Mazda,2015,"124,000 mi.",Gasoline,At least 1 accident or damage reported,"$12,900"
Jaguar,2015,"26,000 mi.",Gasoline,None reported,"$52,500"
Audi,2018,"36,500 mi.",Gasoline,At least 1 accident or damage reported,"$25,500"
Chevrolet,2022,"1,400 mi.",Gasoline,None reported,"$54,900"
Jeep,2018,"17,000 mi.",Gasoline,None reported,"$38,500"
Honda,2021,"42,750 mi.",Gasoline,None reported,"$25,698"
Porsche,2011,"67,998 mi.",Gasoline,None reported,"$30,000"
Ford,2008,"64,500 mi.",Gasoline,At least 1 accident or damage reported,"$16,000"
Toyota,2007,"102,000 mi.",Gasoline,None reported,"$24,900"
Land,2004,"145,000 mi.",Gasoline,None reported,"$15,500"
Porsche,2018,"50,000 mi.",Gasoline,At least 1 accident or damage reported,"$55,000"
Chevrolet,2004,"37,622 mi.",Gasoline,None reported,"$25,500"
Toyota,2006,"89,987 mi.",Gasoline,None reported,"$9,499"
INFINITI,2015,"136,390 mi.",Gasoline,None reported,"$20,470"
Cadillac,1994,"90,000 mi.",–,At least 1 accident or damage reported,"$2,990"
Chevrolet,2015,"27,000 mi.",Gasoline,None reported,"$33,000"
Jeep,2004,"144,770 mi.",Gasoline,At least 1 accident or damage reported,"$6,500"
Toyota,2011,"157,000 mi.",Gasoline,None reported,"$23,500"
BMW,2010,"132,000 mi.",Gasoline,At least 1 accident or damage reported,"$8,500"
Ford,2002,"137,000 mi.",Diesel,None reported,"$15,000"
Lexus,2018,"50,992 mi.",Gasoline,At least 1 accident or damage reported,"$28,000"
Cadillac,2010,"105,760 mi.",Gasoline,None reported,"$12,900"
Lexus,2018,"29,800 mi.",Gasoline,None reported,"$68,495"
BMW,2019,"21,000 mi.",Gasoline,At least 1 accident or damage reported,"$42,000"
Chevrolet,1998,"152,195 mi.",Gasoline,None reported,"$9,900"
Hummer,2006,"169,900 mi.",Gasoline,At least 1 accident or damage reported,"$16,900"
Volvo,2008,"196,000 mi.",Gasoline,None reported,"$6,499"
Jeep,2009,"180,036 mi.",Gasoline,At least 1 accident or damage reported,"$9,100"
Land,2017,"57,918 mi.",Gasoline,None reported,"$33,500"
BMW,2017,"98,600 mi.",Gasoline,None reported,"$26,500"
Ford,2018,"120,000 mi.",Diesel,At least 1 accident or damage reported,"$55,000"
BMW,2022,"14,269 mi.",Gasoline,None reported,"$80,000"
Lexus,2022,"6,875 mi.",Gasoline,None reported,"$89,000"
Honda,2019,"55,100 mi.",Gasoline,None reported,"$28,324"
Porsche,2012,"49,000 mi.",Gasoline,,"$41,500"
BMW,2009,"74,600 mi.",Gasoline,None reported,"$15,000"
Audi,2019,"45,900 mi.",Hybrid,At least 1 accident or damage reported,"$41,500"
Chrysler,2015,"95,271 mi.",E85 Flex Fuel,,"$12,468"
Ford,2021,"88,883 mi.",Gasoline,None reported,"$33,172"
Dodge,2013,"43,000 mi.",E85 Flex Fuel,None reported,"$35,000"
Ford,2018,"33,700 mi.",E85 Flex Fuel,At least 1 accident or damage reported,"$12,000"
RAM,2016,"95,115 mi.",Diesel,None reported,"$43,640"
Lotus,2005,"25,250 mi.",Gasoline,,"$44,000"
Chevrolet,2007,"20,200 mi.",Gasoline,None reported,"$27,500"
Audi,2013,"104,457 mi.",Gasoline,None reported,"$17,900"
McLaren,2018,"8,984 mi.",Gasoline,None reported,"$171,900"
Chevrolet,2017,"76,000 mi.",Gasoline,None reported,"$41,400"
Chevrolet,2020,"56,247 mi.",Gasoline,None reported,"$39,244"
Jeep,1994,"50,750 mi.",–,None reported,"$15,000"
Acura,2016,"61,000 mi.",Gasoline,At least 1 accident or damage reported,"$21,000"
Chevrolet,2019,"9,111 mi.",Gasoline,None reported,"$27,599"
Lexus,2015,"100,900 mi.",Gasoline,None reported,"$21,998"
Ford,2021,"24,207 mi.",Gasoline,None reported,"$43,430"
Tesla,2022,"9,411 mi.",,None reported,"$47,998"
Chevrolet,2006,"21,000 mi.",Gasoline,None reported,"$47,500"
Cadillac,2019,"136,150 mi.",Gasoline,At least 1 accident or damage reported,"$22,500"
BMW,2009,"78,414 mi.",Gasoline,At least 1 accident or damage reported,"$28,750"
Mazda,2019,"60,800 mi.",Gasoline,None reported,"$19,900"
Ford,2022,"16,400 mi.",Hybrid,None reported,"$34,000"
Toyota,2018,"62,200 mi.",Hybrid,None reported,"$35,707"
BMW,2021,"72,903 mi.",Hybrid,At least 1 accident or damage reported,"$53,998"
Lincoln,2003,"142,215 mi.",Gasoline,None reported,"$5,000"
Mercedes-Benz,2007,"150,000 mi.",Gasoline,None reported,"$8,000"
Ford,1998,"49,170 mi.",Gasoline,None reported,"$12,500"
Chevrolet,2015,"167,500 mi.",Gasoline,None reported,"$18,000"
Ford,2016,"110,450 mi.",Gasoline,None reported,"$11,000"
Audi,2014,"106,000 mi.",Gasoline,At least 1 accident or damage reported,"$23,000"
Chevrolet,2017,"92,728 mi.",Gasoline,None reported,"$34,900"
Ford,2022,"17,000 mi.",Gasoline,None reported,"$44,000"
Ford,2016,"75,200 mi.",E85 Flex Fuel,None reported,"$22,000"
Dodge,2015,"1,800 mi.",Gasoline,None reported,"$64,990"
Toyota,2019,"36,283 mi.",Gasoline,None reported,"$39,598"
Audi,2023,"6,682 mi.",Hybrid,None reported,"$47,798"
Jeep,2018,"23,399 mi.",Gasoline,None reported,"$28,999"
Genesis,2017,"29,720 mi.",Gasoline,None reported,"$29,500"
Mercedes-Benz,2009,"56,000 mi.",Gasoline,None reported,"$44,850"
Lexus,2020,"59,419 mi.",Gasoline,None reported,"$73,000"
Kia,2018,"69,100 mi.",Gasoline,None reported,"$32,500"
Nissan,2021,"22,185 mi.",Gasoline,None reported,"$131,999"
Chevrolet,2008,"29,586 mi.",Gasoline,None reported,"$47,900"
Chevrolet,2021,"63,866 mi.",Gasoline,None reported,"$41,885"
Chevrolet,2016,"135,484 mi.",Gasoline,,"$29,748"
Mercedes-Benz,2014,"78,500 mi.",Gasoline,At least 1 accident or damage reported,"$17,900"
BMW,2012,"7,982 mi.",Gasoline,,"$51,900"
Bentley,2022,"1,795 mi.",Gasoline,None reported,"$269,991"
Volkswagen,2022,"1,067 mi.",Gasoline,None reported,"$48,000"
Ford,2017,"152,000 mi.",Gasoline,None reported,"$15,499"
Honda,2011,"185,000 mi.",Gasoline,None reported,"$8,900"
Dodge,2007,"97,724 mi.",Diesel,None reported,"$19,998"
Honda,2020,"22,227 mi.",Gasoline,,"$25,980"
Honda,2016,"111,000 mi.",Gasoline,None reported,"$13,000"
Ford,2019,"32,268 mi.",E85 Flex Fuel,None reported,"$46,500"
Nissan,2019,"122,009 mi.",Gasoline,None reported,"$18,998"
Land,2020,"57,785 mi.",Hybrid,None reported,"$63,995"
BMW,2002,"204,884 mi.",Gasoline,At least 1 accident or damage reported,"$21,500"
Hummer,2003,"179,400 mi.",Gasoline,At least 1 accident or damage reported,"$15,000"
Mazda,2009,"57,000 mi.",Gasoline,None reported,"$14,000"
Lexus,2021,"25,997 mi.",Gasoline,None reported,"$87,000"
Chevrolet,2022,"36,555 mi.",Gasoline,None reported,"$64,288"
Mercedes-Benz,2023,989 mi.,Gasoline,None reported,"$122,950"
Chevrolet,2007,"28,514 mi.",Gasoline,None reported,"$32,000"
Ford,2019,"10,400 mi.",Gasoline,None reported,"$40,000"
Chevrolet,2020,"51,133 mi.",Gasoline,At least 1 accident or damage reported,"$25,800"
Chevrolet,1999,"58,800 mi.",Gasoline,None reported,"$15,000"
Land,2018,"85,000 mi.",Gasoline,None reported,"$33,000"
Jeep,2000,"95,200 mi.",Gasoline,None reported,"$11,999"
Toyota,2015,"68,575 mi.",Gasoline,At least 1 accident or damage reported,"$26,000"
Chevrolet,2011,"12,300 mi.",Gasoline,None reported,"$45,000"
Chevrolet,2018,"13,900 mi.",Gasoline,None reported,"$54,490"
Mercedes-Benz,2001,"58,800 mi.",Gasoline,None reported,"$9,000"
Nissan,2016,"30,700 mi.",Gasoline,At least 1 accident or damage reported,"$21,500"
Porsche,2005,"104,000 mi.",Gasoline,None reported,"$44,800"
Chevrolet,2019,"139,116 mi.",Gasoline,At least 1 accident or damage reported,"$24,899"
Porsche,2019,"36,700 mi.",Gasoline,At least 1 accident or damage reported,"$48,990"
Mercedes-Benz,2022,"24,500 mi.",Gasoline,None reported,"$82,150"
Toyota,2017,"65,000 mi.",Gasoline,At least 1 accident or damage reported,"$65,000"
BMW,2021,"27,654 mi.",Hybrid,None reported,"$61,998"
Rivian,2023,542 mi.,,None reported,"$92,500"
Toyota,2020,"41,000 mi.",Gasoline,None reported,"$38,700"
Mercedes-Benz,2011,"47,400 mi.",Gasoline,At least 1 accident or damage reported,"$41,000"
Ford,2002,"40,110 mi.",Gasoline,None reported,"$18,500"
RAM,2014,"124,700 mi.",Gasoline,None reported,"$30,000"
Ford,2013,"31,000 mi.",E85 Flex Fuel,At least 1 accident or damage reported,"$35,000"
Toyota,2022,"7,100 mi.",Plug-In Hybrid,None reported,"$49,000"
Jeep,2018,"91,677 mi.",Gasoline,None reported,"$26,816"
Ford,2009,"107,500 mi.",Gasoline,None reported,"$9,500"
Porsche,2023,"1,518 mi.",Gasoline,None reported,"$194,965"
Chevrolet,2023,"5,200 mi.",Gasoline,None reported,"$88,900"
Ford,1999,"48,054 mi.",Gasoline,None reported,"$9,500"
Porsche,2018,"87,500 mi.",Gasoline,None reported,"$28,000"
Acura,2012,"106,335 mi.",Gasoline,None reported,"$19,000"
Chevrolet,2017,"133,598 mi.",Gasoline,At least 1 accident or damage reported,"$29,999"
Chevrolet,2018,"68,455 mi.",Gasoline,None reported,"$30,989"
Mercedes-Benz,2018,"28,690 mi.",Gasoline,None reported,"$38,880"
BMW,2012,"83,000 mi.",Gasoline,At least 1 accident or damage reported,"$31,000"
Ford,2019,"38,600 mi.",Diesel,None reported,"$54,500"
Toyota,2019,"92,000 mi.",Gasoline,At least 1 accident or damage reported,"$30,000"
Saturn,2009,"134,000 mi.",Gasoline,At least 1 accident or damage reported,"$9,500"
Lexus,2012,"103,000 mi.",Gasoline,None reported,"$20,500"
Honda,2004,"176,261 mi.",Gasoline,None reported,"$3,750"
Ford,2010,"58,500 mi.",Gasoline,At least 1 accident or damage reported,"$20,000"
Ford,2018,"64,000 mi.",Diesel,None reported,"$64,000"
Porsche,2016,"24,881 mi.",Gasoline,At least 1 accident or damage reported,"$49,999"
Chevrolet,1998,"134,000 mi.",Gasoline,None reported,"$11,500"
Ford,2013,"82,900 mi.",Gasoline,At least 1 accident or damage reported,"$16,000"
BMW,2008,"59,257 mi.",Gasoline,None reported,"$18,200"
Lexus,2016,"81,400 mi.",Gasoline,At least 1 accident or damage reported,"$26,000"
Hyundai,2022,"5,100 mi.",Gasoline,None reported,"$19,500"
Ford,2020,"67,072 mi.",Gasoline,None reported,"$38,500"
BMW,2016,"65,000 mi.",Gasoline,None reported,"$19,500"
Ford,2014,"80,800 mi.",Gasoline,None reported,"$10,000"
Ford,2020,"53,401 mi.",Gasoline,None reported,"$39,500"
Ford,2021,"15,555 mi.",Gasoline,None reported,"$62,890"
Dodge,2006,"201,509 mi.",Gasoline,At least 1 accident or damage reported,"$11,000"
Honda,2013,"107,000 mi.",Gasoline,None reported,"$14,000"
Land,2020,"30,500 mi.",Gasoline,None reported,"$44,000"
Toyota,2011,"36,000 mi.",Gasoline,None reported,"$20,000"
Ford,2019,"38,514 mi.",E85 Flex Fuel,At least 1 accident or damage reported,"$45,998"
Mercedes-Benz,2022,"4,590 mi.",Gasoline,None reported,"$64,000"
RAM,2019,"97,000 mi.",Diesel,At least 1 accident or damage reported,"$45,000"
BMW,2011,"110,000 mi.",Gasoline,At least 1 accident or damage reported,"$6,000"
Ford,2017,"53,000 mi.",E85 Flex Fuel,At least 1 accident or damage reported,"$25,000"
Chevrolet,2016,"110,000 mi.",E85 Flex Fuel,None reported,"$30,999"
Mazda,2006,"218,000 mi.",Gasoline,At least 1 accident or damage reported,"$4,999"
INFINITI,2003,"106,500 mi.",Gasoline,None reported,"$9,500"
Chevrolet,2012,"140,500 mi.",E85 Flex Fuel,None reported,"$11,800"
Ford,2010,"144,200 mi.",Gasoline,None reported,"$9,999"
Chevrolet,2022,"21,400 mi.",Diesel,None reported,"$69,000"
Mercedes-Benz,2015,"130,000 mi.",Gasoline,None reported,"$24,500"
Ford,2012,"108,045 mi.",Gasoline,None reported,"$6,500"
Subaru,2022,"10,000 mi.",Gasoline,None reported,"$28,000"
Hyundai,2011,"75,000 mi.",Gasoline,At least 1 accident or damage reported,"$12,000"
Chrysler,2009,"73,500 mi.",Gasoline,At least 1 accident or damage reported,"$7,858"
Porsche,2018,"29,850 mi.",Gasoline,None reported,"$89,750"
Honda,2016,"135,350 mi.",Gasoline,At least 1 accident or damage reported,"$19,900"
Mercedes-Benz,2022,"16,983 mi.",Gasoline,None reported,"$40,998"
Audi,2019,"35,580 mi.",Hybrid,None reported,"$49,500"
Ford,2020,"71,200 mi.",Gasoline,None reported,"$18,900"
Dodge,2022,"24,778 mi.",Gasoline,At least 1 accident or damage reported,"$36,599"
BMW,2015,"109,330 mi.",Gasoline,None reported,"$13,349"
Alfa,2023,"6,645 mi.",Gasoline,None reported,"$43,900"
Mercedes-Benz,2007,"90,400 mi.",Gasoline,None reported,"$10,199"
Ford,2002,"192,100 mi.",Gasoline,At least 1 accident or damage reported,"$6,450"
BMW,2018,"32,000 mi.",Gasoline,None reported,"$70,000"
Volkswagen,2022,"6,400 mi.",Gasoline,None reported,"$41,500"
Toyota,2021,"36,180 mi.",Gasoline,None reported,"$36,990"
GMC,2014,"142,400 mi.",E85 Flex Fuel,At least 1 accident or damage reported,"$13,500"
Cadillac,2016,"83,000 mi.",Gasoline,None reported,"$16,500"
Nissan,2012,"80,000 mi.",Gasoline,None reported,"$14,800"
Ford,2021,"32,437 mi.",Gasoline,None reported,"$51,000"
BMW,2011,"67,500 mi.",Gasoline,None reported,"$18,000"
Toyota,2021,"25,882 mi.",Gasoline,None reported,"$43,837"
Porsche,2018,"12,088 mi.",Gasoline,None reported,"$169,000"
Toyota,2005,"170,000 mi.",Gasoline,At least 1 accident or damage reported,"$11,200"
Ford,2023,"3,763 mi.",Diesel,None reported,"$92,000"
Land,2018,"46,000 mi.",Gasoline,None reported,"$40,000"
Ford,2008,"190,321 mi.",Diesel,None reported,"$15,900"
Porsche,2018,"40,950 mi.",Gasoline,None reported,"$39,750"
Mercedes-Benz,2014,"42,000 mi.",Gasoline,None reported,"$45,000"
Nissan,2014,"135,000 mi.",Gasoline,None reported,"$8,500"
Jeep,2020,"20,655 mi.",Gasoline,,"$42,850"
Porsche,2023,"1,877 mi.",Gasoline,None reported,"$185,950"
Ford,2019,"33,000 mi.",Diesel,None reported,"$59,000"
Ford,2016,"68,000 mi.",Gasoline,None reported,"$12,500"
Honda,2013,"405,000 mi.",Gasoline,None reported,"$6,000"
BMW,2018,"117,000 mi.",Gasoline,None reported,"$17,000"
Acura,2007,"183,455 mi.",Gasoline,At least 1 accident or damage reported,"$7,700"
Chevrolet,2021,"51,890 mi.",Gasoline,None reported,"$59,980"
Chevrolet,2021,"59,528 mi.",Gasoline,None reported,"$68,995"
Cadillac,2006,"123,000 mi.",Gasoline,None reported,"$15,000"
Kia,2022,"20,000 mi.",,None reported,"$29,998"
BMW,2021,"38,352 mi.",Gasoline,None reported,"$37,400"
Porsche,2021,"13,344 mi.",,At least 1 accident or damage reported,"$83,499"
Honda,2008,"44,300 mi.",Gasoline,None reported,"$62,000"
Lexus,2010,"123,500 mi.",Hybrid,At least 1 accident or damage reported,"$9,500"
Lincoln,2013,"134,000 mi.",E85 Flex Fuel,None reported,"$21,500"
Ford,2020,"57,000 mi.",Gasoline,At least 1 accident or damage reported,"$37,500"
Kia,2021,"100,312 mi.",Gasoline,None reported,"$19,980"
Bentley,2021,"16,146 mi.",Gasoline,None reported,"$239,991"
Tesla,2012,"61,000 mi.",,None reported,"$29,000"
BMW,2014,"15,889 mi.",Gasoline,None reported,"$34,500"
BMW,2015,"125,500 mi.",Gasoline,At least 1 accident or damage reported,"$12,950"
Ford,2013,"163,500 mi.",E85 Flex Fuel,None reported,"$16,490"
Buick,2015,"89,726 mi.",Gasoline,None reported,"$16,000"
Mercedes-Benz,2005,"93,000 mi.",Gasoline,None reported,"$22,500"
MINI,2012,"128,000 mi.",Gasoline,None reported,"$8,500"
Porsche,2017,"70,800 mi.",Gasoline,None reported,"$52,999"
Saturn,2009,"115,000 mi.",Hybrid,None reported,"$4,400"
RAM,2018,"98,650 mi.",Diesel,None reported,"$56,750"
RAM,2019,"87,768 mi.",Hybrid,None reported,"$44,000"
Chevrolet,2023,"6,000 mi.",Gasoline,None reported,"$48,500"
Lexus,2021,"28,262 mi.",Gasoline,None reported,"$49,998"
Mazda,2023,"16,200 mi.",Gasoline,None reported,"$36,900"
Cadillac,2012,"87,500 mi.",E85 Flex Fuel,None reported,"$11,499"
FIAT,2013,"85,458 mi.",Gasoline,None reported,"$9,000"
Mercedes-Benz,2022,"16,500 mi.",,None reported,"$69,500"
MINI,2009,"83,853 mi.",Gasoline,At least 1 accident or damage reported,"$6,950"
BMW,2022,"22,500 mi.",Gasoline,At least 1 accident or damage reported,"$74,999"
Lexus,2013,"99,524 mi.",Gasoline,At least 1 accident or damage reported,"$24,900"
Genesis,2023,"8,100 mi.",Gasoline,None reported,"$57,300"
MINI,2016,"43,073 mi.",Gasoline,None reported,"$17,999"
Land,2023,"12,425 mi.",Gasoline,None reported,"$57,619"
BMW,2020,"23,195 mi.",Gasoline,None reported,"$38,900"
Jeep,2011,"118,000 mi.",Gasoline,At least 1 accident or damage reported,"$12,500"
Toyota,2018,"65,290 mi.",Gasoline,At least 1 accident or damage reported,"$26,450"
Porsche,2001,"47,885 mi.",Gasoline,,"$31,995"
Jeep,2020,"13,000 mi.",Gasoline,None reported,"$39,500"
Dodge,2018,"29,475 mi.",Gasoline,None reported,"$62,999"
Jeep,2017,"78,717 mi.",Gasoline,None reported,"$17,500"
Ford,2021,"9,142 mi.",Hybrid,None reported,"$61,500"
Jaguar,2011,"106,000 mi.",Gasoline,At least 1 accident or damage reported,"$9,400"
RAM,2022,"3,521 mi.",Gasoline,None reported,"$51,074"
Volkswagen,2016,"90,000 mi.",Gasoline,None reported,"$16,750"
Porsche,2016,"46,000 mi.",Gasoline,None reported,"$38,000"
BMW,2020,"18,362 mi.",Gasoline,None reported,"$60,000"
Lexus,2013,"164,500 mi.",Gasoline,At least 1 accident or damage reported,"$16,500"
GMC,2020,"55,018 mi.",Gasoline,At least 1 accident or damage reported,"$25,500"
Nissan,2022,"36,466 mi.",Gasoline,None reported,"$24,980"
Volvo,2022,"14,280 mi.",Hybrid,None reported,"$36,500"
Subaru,2013,"116,000 mi.",Gasoline,At least 1 accident or damage reported,"$12,500"
RAM,2022,"16,184 mi.",Gasoline,None reported,"$46,999"
Porsche,1997,"132,800 mi.",Gasoline,,"$8,500"
Ford,2020,"45,000 mi.",Gasoline,None reported,"$33,500"
Ford,2013,"102,000 mi.",Gasoline,None reported,"$23,000"
Ford,2004,"163,000 mi.",Diesel,At least 1 accident or damage reported,"$18,000"
BMW,2023,"3,500 mi.",Gasoline,None reported,"$129,000"
Porsche,2016,"42,526 mi.",Gasoline,None reported,"$66,200"
Mazda,2012,"144,900 mi.",Gasoline,None reported,"$6,000"
GMC,2016,"85,000 mi.",Gasoline,None reported,"$32,750"
Mercedes-Benz,2022,"16,113 mi.",Diesel,None reported,"$111,000"
Mercedes-Benz,2011,"93,000 mi.",Gasoline,At least 1 accident or damage reported,"$11,900"
RAM,2022,"11,468 mi.",Gasoline,None reported,"$50,204"
Lexus,2019,"25,470 mi.",Gasoline,None reported,"$32,500"
BMW,2014,"90,347 mi.",Gasoline,None reported,"$21,800"
GMC,2017,"96,000 mi.",Gasoline,None reported,"$34,000"
Honda,2016,"80,500 mi.",Gasoline,None reported,"$23,000"
Audi,2021,"35,000 mi.",Hybrid,None reported,"$37,499"
Porsche,1995,"49,900 mi.",–,At least 1 accident or damage reported,"$97,993"
Honda,2020,"121,212 mi.",Gasoline,At least 1 accident or damage reported,"$18,387"
Mercedes-Benz,2018,"14,381 mi.",Gasoline,None reported,"$204,900"
Porsche,2022,"13,500 mi.",Gasoline,None reported,"$86,999"
BMW,2019,"33,214 mi.",Plug-In Hybrid,None reported,"$43,500"
Ford,2017,"29,719 mi.",E85 Flex Fuel,None reported,"$31,000"
Lincoln,2022,"4,520 mi.",Gasoline,None reported,"$38,500"
Hyundai,2017,"84,129 mi.",Gasoline,None reported,"$14,599"
Nissan,2019,"72,150 mi.",Gasoline,At least 1 accident or damage reported,"$26,999"
GMC,2015,"94,500 mi.",Gasoline,At least 1 accident or damage reported,"$30,000"
Mercedes-Benz,2017,"88,454 mi.",Gasoline,None reported,"$39,999"
Cadillac,2010,"81,696 mi.",Gasoline,At least 1 accident or damage reported,"$9,499"
Cadillac,2005,"94,100 mi.",Gasoline,None reported,"$6,099"
Ford,2022,"17,500 mi.",Hybrid,None reported,"$46,000"
Acura,2016,"132,252 mi.",Gasoline,None reported,"$18,998"
Toyota,2022,"4,437 mi.",Gasoline,None reported,"$42,000"
Volkswagen,2018,"70,500 mi.",Gasoline,None reported,"$23,000"
Nissan,1994,"89,144 mi.",–,None reported,"$5,899"
Toyota,2008,"170,000 mi.",Gasoline,None reported,"$5,199"
Honda,2008,"122,000 mi.",Gasoline,None reported,"$10,500"
Toyota,2008,"57,852 mi.",Gasoline,,"$13,900"
Hyundai,2010,"120,321 mi.",Gasoline,None reported,"$10,500"
BMW,2004,"178,000 mi.",Gasoline,None reported,"$5,750"
BMW,2002,"60,255 mi.",Gasoline,None reported,"$28,750"
Land,2019,"77,690 mi.",Gasoline,None reported,"$43,500"
Chevrolet,2009,"18,000 mi.",Gasoline,None reported,"$78,000"
Honda,2001,"125,000 mi.",Gasoline,None reported,"$18,000"
Lexus,2021,"6,449 mi.",Gasoline,At least 1 accident or damage reported,"$35,999"
Volkswagen,2019,"33,000 mi.",Gasoline,None reported,"$27,500"
Nissan,2009,"87,130 mi.",Gasoline,None reported,"$20,000"
Lexus,1998,"165,000 mi.",Gasoline,None reported,"$8,700"
Toyota,2008,"73,000 mi.",Gasoline,At least 1 accident or damage reported,"$11,500"
Porsche,2020,"22,354 mi.",Gasoline,None reported,"$54,900"
Tesla,2023,"6,188 mi.",,None reported,"$53,900"
GMC,2019,"60,807 mi.",Gasoline,At least 1 accident or damage reported,"$25,925"
Jeep,2014,"105,000 mi.",Gasoline,None reported,"$10,950"
Audi,2018,"63,400 mi.",Gasoline,None reported,"$29,900"
Ford,2022,"4,500 mi.",Gasoline,None reported,"$86,500"
Jeep,2020,"8,025 mi.",Gasoline,None reported,"$42,433"
Lincoln,2019,"49,131 mi.",Gasoline,,"$55,460"
Tesla,2017,"100,346 mi.",,None reported,"$45,999"
Mercedes-Benz,2016,"62,285 mi.",Gasoline,At least 1 accident or damage reported,"$29,950"
Lexus,2021,"5,040 mi.",Gasoline,At least 1 accident or damage reported,"$48,900"
RAM,2022,"12,940 mi.",Gasoline,At least 1 accident or damage reported,"$46,999"
Mitsubishi,2015,"98,385 mi.",Gasoline,At least 1 accident or damage reported,"$10,500"
Hyundai,2013,"43,903 mi.",Gasoline,At least 1 accident or damage reported,"$12,500"
Ford,2017,"41,650 mi.",Gasoline,None reported,"$23,600"
BMW,2022,"31,850 mi.",Plug-In Hybrid,None reported,"$60,500"
Hyundai,2013,"96,419 mi.",Hybrid,At least 1 accident or damage reported,"$14,999"
Honda,2007,"170,000 mi.",Gasoline,None reported,"$7,700"
Chevrolet,2009,"139,000 mi.",Gasoline,None reported,"$14,500"
Buick,2016,"134,655 mi.",Gasoline,None reported,"$18,051"
BMW,2015,"81,000 mi.",Gasoline,None reported,"$27,890"
McLaren,2020,"9,989 mi.",Gasoline,None reported,"$324,995"
Kia,2022,"46,347 mi.",Gasoline,None reported,"$46,120"
Chevrolet,2007,"4,048 mi.",Gasoline,None reported,"$38,000"
Mercedes-Benz,2015,"79,876 mi.",Gasoline,None reported,"$45,750"
Toyota,2021,"44,000 mi.",not supported,None reported,"$18,500"
Alfa,2017,"56,910 mi.",Gasoline,,"$23,000"
Land,2019,"65,019 mi.",Gasoline,None reported,"$40,500"
Nissan,2009,"133,409 mi.",Gasoline,At least 1 accident or damage reported,"$14,999"
BMW,2018,"74,381 mi.",Gasoline,At least 1 accident or damage reported,"$22,995"
Porsche,2023,"2,925 mi.",Gasoline,None reported,"$73,300"
BMW,2013,"67,874 mi.",Gasoline,None reported,"$18,000"
Mercedes-Benz,2018,"71,500 mi.",Gasoline,None reported,"$61,000"
Jeep,2014,"71,000 mi.",Gasoline,None reported,"$22,000"
Ford,2018,"64,517 mi.",Gasoline,None reported,"$47,995"
Dodge,2004,"55,000 mi.",Diesel,None reported,"$24,000"
BMW,2019,"7,580 mi.",Gasoline,None reported,"$51,500"
Hyundai,2010,"135,000 mi.",Gasoline,None reported,"$3,999"
Honda,2019,"62,200 mi.",Gasoline,At least 1 accident or damage reported,"$21,500"
Cadillac,2014,"69,001 mi.",Gasoline,None reported,"$19,500"
Toyota,2021,"28,567 mi.",Gasoline,None reported,"$44,775"
Jaguar,2006,"78,049 mi.",Gasoline,None reported,"$13,980"
Ford,2021,"36,821 mi.",Gasoline,,"$49,273"
Chevrolet,2021,"23,292 mi.",Gasoline,None reported,"$73,500"
Chevrolet,2010,"162,671 mi.",E85 Flex Fuel,None reported,"$12,000"
Land,2010,"100,472 mi.",Gasoline,None reported,"$9,975"
Subaru,2017,"73,120 mi.",Gasoline,At least 1 accident or damage reported,"$19,950"
Ford,2022,"23,300 mi.",Gasoline,None reported,"$67,500"
Honda,2018,"71,000 mi.",Plug-In Hybrid,At least 1 accident or damage reported,"$17,500"
RAM,2022,"16,648 mi.",Diesel,None reported,"$70,999"
Chevrolet,2011,"240,000 mi.",Diesel,None reported,"$18,500"
Lexus,2013,"119,755 mi.",Hybrid,None reported,"$19,500"
Mercedes-Benz,2015,"88,000 mi.",E85 Flex Fuel,None reported,"$19,500"
BMW,2021,"41,000 mi.",Hybrid,None reported,"$50,000"
Chevrolet,2022,"7,458 mi.",Gasoline,None reported,"$47,500"
Jeep,2022,"23,000 mi.",Gasoline,None reported,"$43,000"
Land,1998,"149,437 mi.",Gasoline,None reported,"$9,995"
Ford,2017,"244,000 mi.",Diesel,None reported,"$35,500"
RAM,2019,"46,000 mi.",Hybrid,None reported,"$37,900"
Audi,2022,"13,133 mi.",Hybrid,None reported,"$42,998"
RAM,2017,"45,000 mi.",Gasoline,None reported,"$29,999"
Mazda,2021,"18,385 mi.",Gasoline,None reported,"$29,255"
BMW,2020,"25,793 mi.",Gasoline,None reported,"$52,999"
Porsche,2005,"44,400 mi.",Gasoline,None reported,"$29,800"
Chevrolet,2016,"104,000 mi.",Gasoline,None reported,"$10,500"
Cadillac,2023,600 mi.,Gasoline,None reported,"$103,000"
MINI,2007,"45,000 mi.",Gasoline,None reported,"$7,900"
Jeep,2022,"24,500 mi.",Gasoline,None reported,"$64,000"
Buick,2020,"35,569 mi.",Gasoline,None reported,"$21,999"
Toyota,2020,"35,000 mi.",Gasoline,None reported,"$36,999"
Acura,2003,"165,000 mi.",Gasoline,At least 1 accident or damage reported,"$4,000"
Land,2021,"15,000 mi.",Hybrid,None reported,"$69,000"
BMW,2014,"119,750 mi.",Gasoline,None reported,"$15,499"
Nissan,2007,"90,000 mi.",Gasoline,At least 1 accident or damage reported,"$12,000"
Ford,2015,"112,000 mi.",Gasoline,At least 1 accident or damage reported,"$14,500"
Mercedes-Benz,2008,"150,000 mi.",Gasoline,None reported,"$16,800"
Porsche,2021,"1,912 mi.",Gasoline,None reported,"$240,000"
Hyundai,2015,"82,900 mi.",Gasoline,At least 1 accident or damage reported,"$13,995"
Audi,2004,"79,500 mi.",Gasoline,None reported,"$12,000"
Volvo,2019,"60,000 mi.",Gasoline,None reported,"$37,000"
RAM,2021,"41,800 mi.",Diesel,None reported,"$44,900"
Chevrolet,2021,"71,536 mi.",Gasoline,None reported,"$49,685"
Ford,2014,"127,558 mi.",Gasoline,None reported,"$13,715"
Ford,2023,"13,232 mi.",,None reported,"$45,000"
Chevrolet,2017,"39,000 mi.",Gasoline,None reported,"$31,500"
Ford,2023,"11,500 mi.",Gasoline,None reported,"$54,490"
Chrysler,2020,"22,200 mi.",Gasoline,None reported,"$36,800"
Tesla,2023,"7,414 mi.",,None reported,"$56,515"
Lamborghini,2017,"14,586 mi.",Gasoline,None reported,"$209,991"
RAM,2021,"32,000 mi.",Hybrid,None reported,"$50,927"
Toyota,2020,"14,700 mi.",Gasoline,None reported,"$27,350"
BMW,2016,"79,995 mi.",Gasoline,None reported,"$23,995"
GMC,2018,"76,000 mi.",Gasoline,None reported,"$44,500"
Honda,2014,"62,000 mi.",Gasoline,At least 1 accident or damage reported,"$18,987"
Maserati,2017,"53,500 mi.",Gasoline,None reported,"$28,700"
Hyundai,2022,"9,400 mi.",,None reported,"$31,999"
BMW,2014,"86,500 mi.",Gasoline,None reported,"$20,900"
Mercedes-Benz,2011,"148,000 mi.",Gasoline,At least 1 accident or damage reported,"$9,900"
GMC,2014,"100,080 mi.",E85 Flex Fuel,None reported,"$22,989"
Dodge,2018,"2,620 mi.",Gasoline,,"$155,700"
BMW,2023,"3,099 mi.",Plug-In Hybrid,None reported,"$74,995"
Dodge,2020,"78,000 mi.",Gasoline,At least 1 accident or damage reported,"$29,500"
Ferrari,2019,"9,005 mi.",Gasoline,None reported,"$319,900"
Ford,2022,"16,700 mi.",Gasoline,None reported,"$31,000"
Honda,2015,"51,300 mi.",Gasoline,None reported,"$17,500"
Ford,2018,"8,237 mi.",Gasoline,None reported,"$62,900"
Volkswagen,2010,"99,000 mi.",Gasoline,At least 1 accident or damage reported,"$6,000"
Mazda,2021,"62,377 mi.",Gasoline,None reported,"$26,288"
Jeep,2009,"130,000 mi.",Gasoline,None reported,"$15,500"
Ford,2016,"94,300 mi.",E85 Flex Fuel,At least 1 accident or damage reported,"$28,999"
Tesla,2022,"24,115 mi.",,None reported,"$46,500"
BMW,2016,"82,000 mi.",Gasoline,At least 1 accident or damage reported,"$16,995"
Kia,2021,"67,686 mi.",Gasoline,None reported,"$15,700"
Tesla,2014,"96,800 mi.",,None reported,"$28,450"
Jeep,1997,"131,000 mi.",Gasoline,At least 1 accident or damage reported,"$5,500"
Tesla,2020,"23,097 mi.",,None reported,"$29,900"
Ferrari,2018,"31,000 mi.",Gasoline,None reported,"$197,499"
BMW,2021,"28,898 mi.",Gasoline,None reported,"$71,000"
Mazda,2022,"7,250 mi.",Gasoline,None reported,"$35,619"
Ford,2014,"59,459 mi.",Diesel,At least 1 accident or damage reported,"$40,999"
Jeep,2012,"78,000 mi.",Gasoline,At least 1 accident or damage reported,"$22,000"
RAM,2021,"24,213 mi.",Gasoline,None reported,"$46,500"
RAM,2020,"21,165 mi.",Gasoline,None reported,"$46,105"
GMC,2016,"107,750 mi.",Gasoline,None reported,"$35,500"
Ford,2016,"117,000 mi.",Gasoline,None reported,"$26,500"
Chevrolet,2006,"39,132 mi.",Gasoline,None reported,"$35,000"
BMW,2004,"94,500 mi.",Gasoline,None reported,"$9,000"
Subaru,2017,"50,011 mi.",Gasoline,At least 1 accident or damage reported,"$21,495"
Lexus,2004,"215,000 mi.",Gasoline,At least 1 accident or damage reported,"$7,350"
RAM,2022,"16,616 mi.",Gasoline,None reported,"$45,999"
Ford,2022,"33,818 mi.",Gasoline,None reported,"$46,552"
Jeep,2022,"9,099 mi.",Gasoline,None reported,"$68,362"
Volkswagen,2008,"95,798 mi.",Gasoline,None reported,"$9,850"
Mercedes-Benz,2016,"35,943 mi.",Gasoline,None reported,"$51,700"
Mazda,2008,"106,000 mi.",Gasoline,None reported,"$4,300"
Kia,2023,"10,400 mi.",Gasoline,None reported,"$48,000"
Chevrolet,2022,"2,894 mi.",Gasoline,None reported,"$63,900"
Dodge,2022,"15,592 mi.",Gasoline,None reported,"$39,985"
Mercedes-Benz,2020,"33,548 mi.",Gasoline,None reported,"$57,999"
BMW,2016,"185,000 mi.",Gasoline,At least 1 accident or damage reported,"$7,500"
Porsche,2023,"6,483 mi.",Gasoline,None reported,"$96,900"
Honda,2020,"28,886 mi.",Gasoline,,"$35,645"
Mercedes-Benz,2020,"26,293 mi.",Gasoline,None reported,"$49,998"
Chevrolet,2017,"62,000 mi.",Gasoline,None reported,"$34,500"
Jaguar,2017,"101,453 mi.",Gasoline,At least 1 accident or damage reported,"$18,500"
RAM,2013,"106,385 mi.",Diesel,At least 1 accident or damage reported,"$42,900"
BMW,2012,"86,629 mi.",Gasoline,None reported,"$20,995"
Audi,2018,"61,258 mi.",Gasoline,None reported,"$49,999"
Chrysler,2014,"121,500 mi.",Gasoline,None reported,"$15,999"
GMC,2022,100 mi.,Diesel,None reported,"$62,499"
Chrysler,2015,"170,000 mi.",E85 Flex Fuel,At least 1 accident or damage reported,"$5,995"
Ford,2010,"232,000 mi.",Gasoline,None reported,"$3,000"
MINI,2006,"95,000 mi.",Gasoline,None reported,"$12,500"
Toyota,2013,"103,466 mi.",Gasoline,At least 1 accident or damage reported,"$14,200"
Toyota,2011,"133,121 mi.",Hybrid,At least 1 accident or damage reported,"$7,900"
Chevrolet,2012,"162,731 mi.",E85 Flex Fuel,None reported,"$14,500"
Mercedes-Benz,2014,"64,500 mi.",Gasoline,,"$37,500"
Ford,2021,568 mi.,Gasoline,None reported,"$90,788"
Lexus,1999,"249,083 mi.",Gasoline,At least 1 accident or damage reported,"$3,500"
Porsche,2015,"80,300 mi.",Gasoline,None reported,"$23,999"
Ford,2004,"187,000 mi.",Gasoline,None reported,"$6,299"
Subaru,2009,"181,870 mi.",Gasoline,None reported,"$6,500"
GMC,2022,"22,600 mi.",Diesel,,"$76,740"
BMW,2020,"37,000 mi.",Gasoline,At least 1 accident or damage reported,"$50,000"
Porsche,2022,"9,728 mi.",,None reported,"$89,000"
Lexus,2006,"152,000 mi.",Gasoline,At least 1 accident or damage reported,"$13,995"
Ford,2004,"60,260 mi.",Gasoline,At least 1 accident or damage reported,"$30,500"
Mazda,2004,"33,362 mi.",Gasoline,At least 1 accident or damage reported,"$17,599"
GMC,2021,"47,907 mi.",Gasoline,None reported,"$38,436"
Mercedes-Benz,2016,"17,340 mi.",Gasoline,None reported,"$29,000"
Cadillac,1994,"85,000 mi.",–,None reported,"$7,900"
Ford,2011,"195,500 mi.",E85 Flex Fuel,None reported,"$8,999"
Chevrolet,2000,"74,000 mi.",Gasoline,None reported,"$4,700"
RAM,2015,"140,500 mi.",Gasoline,At least 1 accident or damage reported,"$14,000"
Jeep,2006,"212,500 mi.",Gasoline,None reported,"$6,500"
Lexus,2010,"77,400 mi.",Gasoline,At least 1 accident or damage reported,"$34,500"
Ford,2017,"118,000 mi.",Gasoline,None reported,"$15,000"
Porsche,2005,"4,400 mi.",Gasoline,None reported,"$1,599,000"
Cadillac,2016,"146,200 mi.",Gasoline,None reported,"$24,500"
Tesla,2020,"39,000 mi.",,None reported,"$43,000"
Chevrolet,2005,"130,000 mi.",E85 Flex Fuel,None reported,"$7,200"
Ford,2021,"33,080 mi.",Gasoline,None reported,"$47,850"
Mercedes-Benz,2023,"1,219 mi.",Gasoline,None reported,"$46,479"
Jeep,2016,"41,000 mi.",Gasoline,None reported,"$25,000"
Nissan,2004,"110,897 mi.",Gasoline,At least 1 accident or damage reported,"$11,500"
Chevrolet,2016,"49,000 mi.",Gasoline,None reported,"$75,000"
Pontiac,2007,"47,000 mi.",Gasoline,None reported,"$13,300"
Hyundai,2018,"57,690 mi.",Gasoline,At least 1 accident or damage reported,"$15,900"
Mercedes-Benz,2012,"17,941 mi.",Gasoline,None reported,"$226,000"
Lincoln,2018,"54,000 mi.",Gasoline,At least 1 accident or damage reported,"$46,500"
Nissan,2007,"101,600 mi.",Gasoline,None reported,"$6,700"
Ford,2021,"89,000 mi.",Gasoline,None reported,"$34,000"
Tesla,2021,"18,000 mi.",,None reported,"$42,500"
Jaguar,2017,"55,000 mi.",Gasoline,None reported,"$25,000"
Lincoln,2017,"71,964 mi.",Gasoline,None reported,"$18,750"
Cadillac,2020,"92,000 mi.",Gasoline,None reported,"$50,000"
Ford,2012,"160,000 mi.",E85 Flex Fuel,None reported,"$4,500"
Mercedes-Benz,2012,"95,816 mi.",Gasoline,None reported,"$12,000"
Jeep,2014,"132,600 mi.",Gasoline,At least 1 accident or damage reported,"$17,000"
Cadillac,1994,"47,000 mi.",–,None reported,"$5,990"
Jeep,2010,"149,460 mi.",Gasoline,None reported,"$10,700"
Jeep,2011,"109,646 mi.",Gasoline,None reported,"$16,998"
Acura,2019,"90,605 mi.",Gasoline,None reported,"$27,698"
Volkswagen,2019,"59,000 mi.",Gasoline,None reported,"$17,000"
Chevrolet,2002,"48,000 mi.",Gasoline,None reported,"$21,999"
Chevrolet,2016,"41,500 mi.",Gasoline,None reported,"$66,000"
Porsche,2012,"54,000 mi.",Gasoline,None reported,"$75,000"
Porsche,2018,"70,455 mi.",Gasoline,None reported,"$45,855"
Subaru,2018,"84,054 mi.",Gasoline,None reported,"$21,499"
BMW,2007,"114,528 mi.",Gasoline,None reported,"$9,000"
Jeep,2013,"111,850 mi.",Gasoline,At least 1 accident or damage reported,"$26,500"
GMC,2020,"52,673 mi.",Diesel,None reported,"$69,500"
BMW,2021,"31,500 mi.",Gasoline,None reported,"$54,500"
BMW,2011,"73,000 mi.",Gasoline,None reported,"$16,000"
Jeep,2019,"59,692 mi.",Gasoline,None reported,"$35,900"
Toyota,2016,"68,364 mi.",Gasoline,None reported,"$16,000"
Land,2017,"47,200 mi.",Gasoline,At least 1 accident or damage reported,"$29,000"
Mercedes-Benz,2021,"18,000 mi.",Hybrid,At least 1 accident or damage reported,"$62,000"
Ford,2012,"158,366 mi.",Hybrid,At least 1 accident or damage reported,"$8,250"
BMW,2017,"49,700 mi.",Gasoline,None reported,"$26,000"
GMC,2010,"81,500 mi.",Gasoline,None reported,"$12,250"
BMW,2019,"16,975 mi.",,None reported,"$26,990"
Porsche,2018,"5,989 mi.",Gasoline,None reported,"$209,000"
Ford,2003,"16,100 mi.",Gasoline,None reported,"$35,500"
Land,2020,"54,225 mi.",Gasoline,None reported,"$67,500"
RAM,2016,"89,500 mi.",Gasoline,None reported,"$35,000"
Ford,2013,"87,501 mi.",E85 Flex Fuel,At least 1 accident or damage reported,"$17,777"
MINI,2018,"12,370 mi.",Gasoline,None reported,"$28,900"
RAM,2019,"12,466 mi.",Gasoline,None reported,"$28,995"
Volvo,2011,"199,000 mi.",Gasoline,At least 1 accident or damage reported,"$5,500"
Mercedes-Benz,2007,"78,200 mi.",Gasoline,At least 1 accident or damage reported,"$22,999"
Toyota,2018,"22,000 mi.",Hybrid,None reported,"$29,500"
GMC,2016,"100,795 mi.",Gasoline,At least 1 accident or damage reported,"$12,995"
Chevrolet,2019,"99,941 mi.",Gasoline,None reported,"$17,816"
Jeep,2021,"23,588 mi.",Gasoline,,"$38,633"
Jeep,2003,"103,000 mi.",Gasoline,None reported,"$5,200"
Jaguar,2009,"91,491 mi.",Gasoline,None reported,"$7,000"
Honda,2020,"23,131 mi.",Gasoline,At least 1 accident or damage reported,"$23,739"
Subaru,2019,"77,000 mi.",Gasoline,At least 1 accident or damage reported,"$18,749"
Land,2019,"20,500 mi.",Gasoline,None reported,"$76,000"
Tesla,2022,500 mi.,,None reported,"$45,900"
Lexus,2019,"49,810 mi.",Gasoline,At least 1 accident or damage reported,"$33,900"
Honda,2022,"20,229 mi.",Gasoline,None reported,"$36,727"
Alfa,2021,"10,558 mi.",Gasoline,None reported,"$75,000"
BMW,2005,"59,300 mi.",Gasoline,None reported,"$30,900"
Maybach,2004,"34,254 mi.",Gasoline,None reported,"$64,250"
Lexus,2021,"24,364 mi.",Gasoline,None reported,"$37,998"
Mercedes-Benz,2016,"139,200 mi.",Diesel,At least 1 accident or damage reported,"$22,000"
Mercedes-Benz,2012,"82,046 mi.",Gasoline,None reported,"$13,999"
Dodge,1997,"285,000 mi.",Gasoline,None reported,"$6,399"
RAM,2017,"26,269 mi.",E85 Flex Fuel,At least 1 accident or damage reported,"$25,307"
Mazda,2016,"127,131 mi.",Gasoline,At least 1 accident or damage reported,"$16,770"
Porsche,2019,"31,000 mi.",Gasoline,None reported,"$179,900"
BMW,2021,"27,000 mi.",Gasoline,None reported,"$38,400"
Jeep,2015,"93,400 mi.",E85 Flex Fuel,None reported,"$18,900"
BMW,2021,"9,200 mi.",Hybrid,At least 1 accident or damage reported,"$71,200"
Mercedes-Benz,2014,"76,850 mi.",Gasoline,At least 1 accident or damage reported,"$32,999"
Bentley,2016,"61,160 mi.",Gasoline,At least 1 accident or damage reported,"$98,000"
Jeep,2005,"146,000 mi.",Gasoline,At least 1 accident or damage reported,"$15,900"
Tesla,2017,"38,957 mi.",,None reported,"$46,750"
Volkswagen,2017,"33,850 mi.",Gasoline,None reported,"$16,500"
Jeep,2020,"61,830 mi.",Gasoline,At least 1 accident or damage reported,"$39,860"
Kia,2017,"108,559 mi.",Gasoline,None reported,"$15,998"
Lexus,2006,"192,000 mi.",Gasoline,At least 1 accident or damage reported,"$7,390"
Mercedes-Benz,2014,"83,112 mi.",Gasoline,None reported,"$15,500"
Tesla,2016,"52,000 mi.",,None reported,"$52,000"
RAM,2020,"57,300 mi.",Gasoline,None reported,"$43,500"
MINI,2008,"104,500 mi.",Gasoline,At least 1 accident or damage reported,"$4,100"
Jeep,1996,"170,552 mi.",Gasoline,At least 1 accident or damage reported,"$6,500"
Ford,2013,"18,000 mi.",Gasoline,None reported,"$29,000"
Lincoln,2019,"39,000 mi.",Gasoline,None reported,"$51,999"
Jeep,2020,"38,000 mi.",Gasoline,None reported,"$45,000"
Porsche,2016,"15,168 mi.",Gasoline,None reported,"$115,000"
Honda,2012,"167,506 mi.",Gasoline,None reported,"$6,500"
Jeep,2012,"166,000 mi.",E85 Flex Fuel,At least 1 accident or damage reported,"$13,000"
Ford,2021,"19,200 mi.",Gasoline,None reported,"$82,950"
Land,2022,"46,000 mi.",Hybrid,None reported,"$75,000"
Hummer,2007,"201,000 mi.",Gasoline,At least 1 accident or damage reported,"$7,200"
Kia,2014,"87,000 mi.",Gasoline,At least 1 accident or damage reported,"$8,900"
GMC,2015,"145,000 mi.",Gasoline,None reported,"$24,950"
Jeep,2020,"33,060 mi.",Gasoline,None reported,"$36,500"
Ford,1995,"195,000 mi.",–,None reported,"$15,000"
Tesla,2021,"10,550 mi.",,None reported,"$67,800"
Audi,2014,"89,500 mi.",Gasoline,None reported,"$18,000"
Jeep,2021,"27,000 mi.",Hybrid,None reported,"$37,500"
Jeep,2010,"87,250 mi.",Gasoline,None reported,"$18,500"
Volkswagen,2016,"76,495 mi.",Gasoline,At least 1 accident or damage reported,"$13,000"
Cadillac,2016,"70,503 mi.",Gasoline,None reported,"$15,500"
Porsche,2009,"41,965 mi.",Gasoline,At least 1 accident or damage reported,"$35,000"
Toyota,1999,"267,000 mi.",Gasoline,At least 1 accident or damage reported,"$8,000"
Mitsubishi,2003,"146,000 mi.",Gasoline,At least 1 accident or damage reported,"$4,200"
Chevrolet,2023,"9,000 mi.",Gasoline,None reported,"$82,500"
Toyota,2022,"1,050 mi.",Gasoline,None reported,"$40,000"
Land,2021,"22,270 mi.",Gasoline,None reported,"$89,900"
Ford,2012,"19,900 mi.",Gasoline,None reported,"$26,500"
Tesla,2020,"19,800 mi.",,None reported,"$44,990"
RAM,2012,"113,500 mi.",Gasoline,None reported,"$17,900"
Lamborghini,2013,"22,000 mi.",Gasoline,None reported,"$150,000"
INFINITI,2022,"3,300 mi.",Gasoline,None reported,"$54,000"
Volkswagen,2016,"41,615 mi.",,None reported,"$12,000"
Tesla,2022,"11,860 mi.",,None reported,"$92,500"
BMW,2015,"27,000 mi.",Gasoline,None reported,"$52,500"
Kia,2022,"22,101 mi.",Gasoline,At least 1 accident or damage reported,"$29,430"
Chevrolet,1996,"60,000 mi.",Gasoline,,"$18,500"
Subaru,2013,"46,452 mi.",Gasoline,None reported,"$22,888"
Lincoln,2019,"36,000 mi.",Gasoline,None reported,"$26,500"
Chevrolet,2019,"13,100 mi.",Gasoline,None reported,"$61,950"
Audi,2019,"50,000 mi.",Gasoline,At least 1 accident or damage reported,"$27,000"
Mazda,2018,"19,500 mi.",Gasoline,None reported,"$32,250"
Ford,2016,"36,000 mi.",Gasoline,At least 1 accident or damage reported,"$31,000"
Rolls-Royce,2016,"21,000 mi.",Gasoline,,"$217,000"
Chevrolet,2022,"6,640 mi.",Gasoline,None reported,"$51,999"
BMW,2016,"74,850 mi.",Gasoline,At least 1 accident or damage reported,"$21,900"
Nissan,2014,"117,000 mi.",Gasoline,At least 1 accident or damage reported,"$10,900"
Toyota,2016,"51,400 mi.",E85 Flex Fuel,,"$39,900"
INFINITI,2022,"6,000 mi.",Gasoline,None reported,"$57,999"
Mitsubishi,2006,"128,000 mi.",Gasoline,None reported,"$37,999"
BMW,2021,"15,000 mi.",Gasoline,None reported,"$39,995"
Toyota,2016,"119,000 mi.",Gasoline,None reported,"$29,950"
Lincoln,2006,"87,500 mi.",Gasoline,At least 1 accident or damage reported,"$12,999"
Ford,2011,"149,000 mi.",Gasoline,None reported,"$7,999"
Audi,2015,"54,700 mi.",E85 Flex Fuel,At least 1 accident or damage reported,"$20,995"
Ford,2021,"45,979 mi.",Gasoline,None reported,"$38,532"
Lincoln,2017,"56,846 mi.",Gasoline,None reported,"$29,000"
Tesla,2017,"94,100 mi.",,At least 1 accident or damage reported,"$49,900"
Jeep,2017,"80,150 mi.",Gasoline,At least 1 accident or damage reported,"$22,500"
GMC,2013,"11,563 mi.",Gasoline,At least 1 accident or damage reported,"$12,300"
Tesla,2022,"7,500 mi.",,None reported,"$84,000"
Mercedes-Benz,2021,"15,615 mi.",Hybrid,None reported,"$78,000"
Subaru,2013,"113,000 mi.",Gasoline,At least 1 accident or damage reported,"$16,000"
Kia,2018,"74,000 mi.",Gasoline,None reported,"$15,000"
Mercedes-Benz,2011,"99,200 mi.",Gasoline,None reported,"$11,900"
Volkswagen,2018,"36,824 mi.",Gasoline,None reported,"$23,999"
Acura,2005,"186,040 mi.",Gasoline,At least 1 accident or damage reported,"$6,700"
GMC,2020,"58,000 mi.",Gasoline,None reported,"$27,700"
Ford,2020,"31,250 mi.",Gasoline,None reported,"$42,500"
Jeep,2020,"43,000 mi.",Gasoline,None reported,"$46,500"
Toyota,2020,"41,199 mi.",Gasoline,None reported,"$41,598"
Kia,2022,"22,000 mi.",,None reported,"$45,000"
Genesis,2022,"12,900 mi.",Gasoline,None reported,"$53,000"
Ford,2022,"10,500 mi.",Gasoline,,"$50,000"
MINI,2020,"74,725 mi.",Gasoline,None reported,"$21,612"
Mazda,2021,"61,117 mi.",Gasoline,None reported,"$26,485"
BMW,2003,"142,000 mi.",Gasoline,At least 1 accident or damage reported,"$4,800"
Ford,2019,"31,000 mi.",–,None reported,"$34,700"
Toyota,2012,"129,355 mi.",Gasoline,At least 1 accident or damage reported,"$7,950"
Chevrolet,2010,"204,000 mi.",E85 Flex Fuel,At least 1 accident or damage reported,"$4,900"
Lincoln,2016,"115,600 mi.",Gasoline,None reported,"$22,500"
Jeep,2023,"1,563 mi.",Hybrid,None reported,"$62,500"
Bentley,2007,"72,166 mi.",Gasoline,At least 1 accident or damage reported,"$35,995"
Lexus,2018,"26,100 mi.",Gasoline,None reported,"$37,899"
BMW,2017,"58,880 mi.",Gasoline,None reported,"$21,000"
Cadillac,2021,"26,000 mi.",Gasoline,None reported,"$104,000"
Honda,2008,"190,640 mi.",Gasoline,At least 1 accident or damage reported,"$5,500"
Porsche,2020,"37,500 mi.",Gasoline,None reported,"$59,900"
Ford,2022,"13,856 mi.",,None reported,"$54,000"
Cadillac,2013,"225,000 mi.",Gasoline,None reported,"$13,600"
Lexus,2014,"123,256 mi.",Gasoline,None reported,"$24,995"
Cadillac,2021,"11,459 mi.",Gasoline,None reported,"$88,900"
Mercedes-Benz,2016,"67,289 mi.",Gasoline,None reported,"$20,490"
Hyundai,2013,"56,837 mi.",Gasoline,At least 1 accident or damage reported,"$10,500"
Chevrolet,2002,"44,168 mi.",Gasoline,None reported,"$30,000"
Mercedes-Benz,2019,"59,766 mi.",Gasoline,None reported,"$26,900"
Kia,2018,"56,300 mi.",Gasoline,None reported,"$29,950"
Volvo,2004,"167,000 mi.",Gasoline,None reported,"$8,000"
Chevrolet,2015,"122,770 mi.",E85 Flex Fuel,None reported,"$27,499"
Land,2019,"59,271 mi.",Gasoline,None reported,"$54,995"
GMC,2015,"102,000 mi.",Gasoline,At least 1 accident or damage reported,"$24,500"
Chevrolet,2020,"40,929 mi.",Gasoline,At least 1 accident or damage reported,"$44,800"
Porsche,2019,"22,000 mi.",Gasoline,None reported,"$174,900"
Chevrolet,2022,"19,200 mi.",Gasoline,None reported,"$69,790"
Mercedes-Benz,2019,"32,376 mi.",Gasoline,None reported,"$128,000"
Porsche,2023,"19,800 mi.",Gasoline,None reported,"$134,900"
Land,2011,"105,000 mi.",Gasoline,None reported,"$10,000"
Ford,2016,"122,650 mi.",Diesel,None reported,"$38,900"
Subaru,2022,"14,000 mi.",Gasoline,None reported,"$34,999"
Lexus,2008,"100,868 mi.",Gasoline,None reported,"$15,397"
Land,2013,"111,000 mi.",Gasoline,At least 1 accident or damage reported,"$15,000"
Cadillac,2021,"38,500 mi.",Gasoline,At least 1 accident or damage reported,"$94,995"
Nissan,2020,"41,250 mi.",Gasoline,None reported,"$21,865"
MINI,2006,"99,600 mi.",Gasoline,None reported,"$5,500"
Acura,2013,"198,000 mi.",Gasoline,At least 1 accident or damage reported,"$11,000"
Lexus,2021,"20,598 mi.",Gasoline,At least 1 accident or damage reported,"$42,599"
Porsche,2013,"52,044 mi.",Gasoline,None reported,"$76,500"
MINI,2022,"23,777 mi.",Gasoline,None reported,"$30,000"
Ford,2018,"60,660 mi.",Gasoline,At least 1 accident or damage reported,"$46,900"
BMW,2015,"26,000 mi.",,None reported,"$14,999"
Mazda,2018,"61,000 mi.",Gasoline,None reported,"$21,800"
Lexus,2020,"53,750 mi.",Gasoline,None reported,"$32,600"
BMW,2023,"13,735 mi.",Gasoline,None reported,"$77,897"
Mercedes-Benz,2019,"32,580 mi.",Gasoline,None reported,"$33,998"
Porsche,2006,"96,275 mi.",Gasoline,At least 1 accident or damage reported,"$52,500"
Ford,2015,"162,000 mi.",Diesel,None reported,"$32,000"
BMW,2019,"92,040 mi.",Gasoline,None reported,"$24,999"
RAM,2017,"73,690 mi.",Gasoline,At least 1 accident or damage reported,"$27,000"
Toyota,2009,"48,750 mi.",Gasoline,None reported,"$17,900"
Cadillac,2011,"124,542 mi.",Gasoline,None reported,"$8,450"
Ford,2010,"69,000 mi.",Gasoline,None reported,"$20,000"
Dodge,2004,"148,000 mi.",Diesel,None reported,"$19,000"
BMW,2006,"122,141 mi.",Gasoline,None reported,"$10,500"
Subaru,2012,"106,000 mi.",Gasoline,None reported,"$15,000"
Ford,2017,"113,294 mi.",Gasoline,At least 1 accident or damage reported,"$16,500"
Kia,2021,"24,423 mi.",Gasoline,None reported,"$44,315"
Tesla,2022,"28,000 mi.",,None reported,"$68,750"
RAM,2018,"54,800 mi.",Gasoline,At least 1 accident or damage reported,"$37,050"
Ford,2017,"161,000 mi.",Gasoline,None reported,"$17,500"
Mercedes-Benz,2019,"28,755 mi.",Gasoline,None reported,"$61,350"
Audi,2016,"52,105 mi.",E85 Flex Fuel,At least 1 accident or damage reported,"$20,499"
Nissan,2018,"119,950 mi.",Gasoline,None reported,"$20,999"
Mercedes-Benz,2003,"80,081 mi.",Gasoline,None reported,"$12,500"
Bentley,2021,"24,500 mi.",Gasoline,None reported,"$165,000"
Jeep,2021,"4,100 mi.",Gasoline,None reported,"$55,000"
BMW,2020,"9,670 mi.",Gasoline,None reported,"$103,500"
Dodge,2017,"63,250 mi.",Gasoline,None reported,"$18,650"
Lincoln,2017,"69,431 mi.",Gasoline,None reported,"$26,500"
Toyota,2015,"108,044 mi.",Gasoline,None reported,"$31,380"
BMW,2008,"98,000 mi.",Gasoline,None reported,"$13,998"
BMW,2019,"52,253 mi.",Gasoline,None reported,"$34,500"
Ford,2022,"23,850 mi.",Diesel,None reported,"$99,750"
Mercedes-Benz,2015,"1,500 mi.",Diesel,None reported,"$39,500"
Dodge,2021,"40,000 mi.",Gasoline,None reported,"$32,500"
Audi,2012,"38,718 mi.",Gasoline,None reported,"$31,000"
Toyota,2018,"84,184 mi.",Gasoline,None reported,"$35,998"
Mercedes-Benz,2021,"13,344 mi.",Diesel,None reported,"$56,500"
INFINITI,2018,"51,850 mi.",Gasoline,None reported,"$28,900"
Porsche,2002,"119,500 mi.",Gasoline,At least 1 accident or damage reported,"$36,995"
Ford,2021,"30,918 mi.",Gasoline,None reported,"$51,999"
Chevrolet,2023,"1,100 mi.",Gasoline,None reported,"$92,000"
Mercedes-Benz,2019,"40,000 mi.",Gasoline,None reported,"$27,900"
Jeep,2005,"100,500 mi.",Gasoline,None reported,"$9,998"
Dodge,2020,"54,320 mi.",Gasoline,At least 1 accident or damage reported,"$67,000"
Mercedes-Benz,2018,"49,000 mi.",Gasoline,None reported,"$23,450"
Porsche,2020,"28,000 mi.",Gasoline,None reported,"$134,999"
Porsche,2022,"1,750 mi.",Gasoline,None reported,"$275,000"
Cadillac,2007,"130,000 mi.",Gasoline,At least 1 accident or damage reported,"$3,499"
Maserati,2023,"3,721 mi.",Gasoline,None reported,"$69,645"
Mercedes-Benz,2016,"78,101 mi.",Gasoline,None reported,"$34,500"
Chevrolet,2017,"54,000 mi.",Gasoline,At least 1 accident or damage reported,"$16,000"
Nissan,2011,"185,000 mi.",Gasoline,At least 1 accident or damage reported,"$7,500"
Mercedes-Benz,2015,"49,000 mi.",Gasoline,None reported,"$23,500"
GMC,2024,"2,043 mi.",Gasoline,None reported,"$81,500"
Lexus,2016,"71,750 mi.",Gasoline,None reported,"$28,000"
Chevrolet,2020,"5,194 mi.",Gasoline,None reported,"$87,500"
BMW,2019,"42,200 mi.",Gasoline,None reported,"$27,500"
Mercedes-Benz,2020,"42,717 mi.",Gasoline,None reported,"$33,500"
Tesla,2016,"102,260 mi.",,None reported,"$31,300"
Chevrolet,2022,"11,089 mi.",Gasoline,None reported,"$80,900"
Jaguar,2018,"37,777 mi.",Gasoline,None reported,"$32,500"
Ford,2021,"35,921 mi.",Gasoline,None reported,"$42,995"
Ford,2023,"1,800 mi.",Gasoline,,"$54,900"
Scion,2014,"163,019 mi.",Gasoline,At least 1 accident or damage reported,"$8,900"
Mercedes-Benz,2020,"14,220 mi.",Gasoline,None reported,"$35,500"
Chevrolet,2019,"48,879 mi.",Gasoline,None reported,"$49,573"
BMW,2002,"117,200 mi.",Gasoline,None reported,"$15,000"
Ford,2016,"25,000 mi.",E85 Flex Fuel,None reported,"$65,000"
BMW,2014,"74,500 mi.",,None reported,"$11,499"
INFINITI,2013,"33,300 mi.",Gasoline,None reported,"$21,990"
Ford,2007,"123,921 mi.",Gasoline,None reported,"$6,900"
BMW,2021,"12,800 mi.",Gasoline,None reported,"$39,990"
Aston,2015,"21,100 mi.",Gasoline,None reported,"$80,000"
Chevrolet,2009,"104,733 mi.",E85 Flex Fuel,None reported,"$15,000"
Ford,2020,"53,000 mi.",Gasoline,At least 1 accident or damage reported,"$38,500"
Lexus,2021,"17,570 mi.",Gasoline,None reported,"$39,998"
RAM,2020,"63,875 mi.",Hybrid,At least 1 accident or damage reported,"$41,900"
Ford,2023,"12,500 mi.",Hybrid,None reported,"$29,999"
BMW,2001,"103,990 mi.",Gasoline,None reported,"$10,500"
Chevrolet,2022,"7,000 mi.",Gasoline,None reported,"$50,000"
Chevrolet,2023,"9,000 mi.",Gasoline,None reported,"$92,000"
Pontiac,2007,"7,800 mi.",Gasoline,None reported,"$19,000"
Cadillac,2017,"69,289 mi.",Gasoline,At least 1 accident or damage reported,"$20,997"
Toyota,2011,"106,000 mi.",Gasoline,At least 1 accident or damage reported,"$16,600"
Lincoln,2020,"68,000 mi.",Gasoline,At least 1 accident or damage reported,"$55,999"
Toyota,2019,"13,828 mi.",Hybrid,None reported,"$43,000"
Audi,2018,"39,600 mi.",Gasoline,None reported,"$26,999"
Jeep,2003,"92,000 mi.",Gasoline,None reported,"$12,500"
Toyota,2022,"5,020 mi.",Gasoline,None reported,"$36,500"
Chevrolet,2007,"107,800 mi.",Gasoline,At least 1 accident or damage reported,"$15,000"
Audi,2019,"23,827 mi.",Gasoline,None reported,"$34,995"
Audi,2020,"25,300 mi.",Hybrid,None reported,"$39,900"
Mercedes-Benz,2016,"399,000 mi.",Diesel,At least 1 accident or damage reported,"$24,500"
Porsche,2005,"46,200 mi.",Gasoline,None reported,"$49,999"
Chevrolet,2022,"3,158 mi.",Gasoline,None reported,"$85,989"
GMC,2021,"26,000 mi.",Gasoline,None reported,"$30,900"
Porsche,2020,"12,758 mi.",Gasoline,None reported,"$107,900"
Chevrolet,2007,"123,500 mi.",Gasoline,At least 1 accident or damage reported,"$27,000"
Ford,2018,"26,840 mi.",Gasoline,None reported,"$42,500"
Ford,2021,"17,836 mi.",Gasoline,None reported,"$31,933"
Cadillac,2012,"114,500 mi.",E85 Flex Fuel,None reported,"$16,100"
Chevrolet,2022,"5,400 mi.",Gasoline,None reported,"$89,900"
Toyota,2016,"17,500 mi.",Gasoline,None reported,"$15,100"
Chevrolet,2017,"56,000 mi.",Gasoline,None reported,"$44,600"
Chevrolet,2020,"20,800 mi.",Gasoline,None reported,"$19,000"
Volkswagen,2015,"107,543 mi.",Gasoline,None reported,"$13,200"
Nissan,2012,"206,000 mi.",Gasoline,None reported,"$5,000"
Ford,2018,"37,100 mi.",E85 Flex Fuel,None reported,"$46,000"
Land,2019,"19,813 mi.",Gasoline,None reported,"$51,900"
Kia,2010,"208,321 mi.",Gasoline,None reported,"$3,500"
Lexus,2012,"200,000 mi.",Gasoline,At least 1 accident or damage reported,"$9,995"
MINI,2012,"66,000 mi.",Gasoline,None reported,"$10,999"
Bentley,2018,"41,000 mi.",Gasoline,None reported,"$113,000"
Volvo,2019,"20,623 mi.",Gasoline,None reported,"$36,800"
Ford,2018,"86,000 mi.",Gasoline,None reported,"$26,900"
Porsche,2022,"1,766 mi.",Gasoline,None reported,"$209,995"
Mercedes-Benz,2016,"51,354 mi.",Gasoline,None reported,"$73,000"
Jeep,2021,"38,000 mi.",Gasoline,None reported,"$72,980"
Toyota,2015,"161,000 mi.",Hybrid,None reported,"$11,500"
Nissan,2012,"74,750 mi.",Gasoline,None reported,"$12,500"
Porsche,2013,"67,522 mi.",Gasoline,At least 1 accident or damage reported,"$59,500"
MINI,2012,"152,000 mi.",Gasoline,None reported,"$9,000"
Subaru,2019,"71,273 mi.",Gasoline,None reported,"$23,900"
Subaru,2017,"37,800 mi.",Gasoline,None reported,"$32,500"
Land,2019,"42,000 mi.",Gasoline,None reported,"$48,990"
Kia,2022,"10,101 mi.",Plug-In Hybrid,None reported,"$44,990"
Chevrolet,2022,"7,900 mi.",Gasoline,None reported,"$92,500"
Tesla,2020,"45,468 mi.",,None reported,"$45,999"
Nissan,2017,"187,141 mi.",Gasoline,None reported,"$16,995"
Porsche,2014,"99,100 mi.",Gasoline,None reported,"$32,000"
Subaru,2021,"33,500 mi.",Gasoline,None reported,"$34,000"
Acura,2016,"102,665 mi.",Gasoline,None reported,"$15,450"
Ford,2001,"52,675 mi.",Gasoline,None reported,"$16,995"
BMW,2017,"59,203 mi.",Gasoline,None reported,"$23,000"
Mercedes-Benz,2009,"60,100 mi.",Gasoline,None reported,"$27,000"
Audi,2021,"43,238 mi.",Gasoline,None reported,"$76,400"
MINI,2007,"118,000 mi.",Gasoline,None reported,"$3,600"
Ford,2021,"17,300 mi.",Gasoline,None reported,"$31,000"
Audi,2016,"64,800 mi.",Gasoline,None reported,"$50,000"
Mercedes-Benz,2022,"1,408 mi.",Gasoline,None reported,"$46,798"
Volkswagen,2015,"15,167 mi.",Diesel,None reported,"$35,000"
Porsche,2016,"64,600 mi.",Gasoline,None reported,"$41,000"
Jeep,2022,"31,112 mi.",Gasoline,None reported,"$83,000"
Tesla,2018,"23,250 mi.",,None reported,"$57,000"
MINI,2011,"63,500 mi.",Gasoline,None reported,"$10,500"
RAM,2022,"13,464 mi.",Gasoline,None reported,"$46,999"
Chevrolet,2001,"64,776 mi.",Gasoline,None reported,"$7,500"
Jeep,2022,"9,601 mi.",Gasoline,None reported,"$33,498"
BMW,2013,"135,000 mi.",Gasoline,At least 1 accident or damage reported,"$14,000"
Volvo,2013,"208,864 mi.",Gasoline,At least 1 accident or damage reported,"$7,500"
INFINITI,2016,"49,872 mi.",Gasoline,At least 1 accident or damage reported,"$21,500"
MINI,2009,"90,367 mi.",Gasoline,None reported,"$9,250"
Porsche,2014,"36,670 mi.",Gasoline,None reported,"$82,499"
Jeep,2023,"3,752 mi.",Gasoline,None reported,"$84,620"
Lexus,2021,"30,761 mi.",Gasoline,None reported,"$44,950"
RAM,2022,"13,438 mi.",Gasoline,None reported,"$46,599"
Jeep,2020,"9,100 mi.",Gasoline,None reported,"$49,895"
Chrysler,2017,"100,600 mi.",–,None reported,"$10,000"
Ford,2011,"223,824 mi.",Hybrid,At least 1 accident or damage reported,"$4,500"
Audi,2016,"96,000 mi.",Gasoline,None reported,"$21,990"
Chevrolet,2004,"185,000 mi.",Gasoline,At least 1 accident or damage reported,"$10,500"
Porsche,2021,"6,900 mi.",,None reported,"$79,999"
Honda,2017,"96,400 mi.",Hybrid,At least 1 accident or damage reported,"$18,500"
RAM,2018,"67,865 mi.",Gasoline,None reported,"$36,500"
Land,2015,"64,300 mi.",E85 Flex Fuel,None reported,"$44,850"
Chevrolet,2018,"76,500 mi.",Gasoline,None reported,"$33,500"
GMC,2017,"96,343 mi.",Diesel,At least 1 accident or damage reported,"$53,000"
Subaru,2018,"74,600 mi.",Gasoline,None reported,"$24,000"
Subaru,2014,"157,530 mi.",Gasoline,At least 1 accident or damage reported,"$9,995"
Tesla,2022,"15,000 mi.",,None reported,"$95,999"
Jeep,2012,"80,000 mi.",Gasoline,None reported,"$30,000"
Tesla,2018,"83,424 mi.",,None reported,"$45,000"
Mercedes-Benz,2021,"19,000 mi.",Gasoline,None reported,"$37,999"
Porsche,2013,"64,000 mi.",Gasoline,At least 1 accident or damage reported,"$67,000"
Mercedes-Benz,2019,"34,068 mi.",Gasoline,None reported,"$46,900"
Buick,2021,"20,104 mi.",Gasoline,None reported,"$33,295"
Nissan,2022,"8,400 mi.",Gasoline,None reported,"$59,950"
Porsche,2021,"11,938 mi.",Gasoline,,"$209,000"
Chevrolet,2021,"24,670 mi.",Gasoline,None reported,"$72,500"
Ford,2013,"16,478 mi.",Gasoline,None reported,"$66,400"
Ford,2018,"52,500 mi.",E85 Flex Fuel,None reported,"$35,000"
Porsche,2004,"92,500 mi.",Gasoline,None reported,"$12,000"
Mitsubishi,2008,"62,930 mi.",Gasoline,At least 1 accident or damage reported,"$10,000"
Lexus,2007,"116,600 mi.",Gasoline,None reported,"$19,975"
Dodge,2010,"172,024 mi.",Gasoline,At least 1 accident or damage reported,"$7,500"
Jeep,2012,"57,237 mi.",Gasoline,None reported,"$22,500"
Subaru,2020,"44,600 mi.",Gasoline,None reported,"$28,300"
Jeep,2013,"181,830 mi.",Gasoline,None reported,"$21,000"
Subaru,2021,"39,948 mi.",Gasoline,None reported,"$36,791"
Ford,2017,"156,453 mi.",Diesel,None reported,"$40,000"
Porsche,2014,"156,193 mi.",Gasoline,None reported,"$36,000"
BMW,2020,"27,989 mi.",Gasoline,None reported,"$29,000"
Toyota,2014,"146,700 mi.",Gasoline,At least 1 accident or damage reported,"$24,999"
GMC,2019,"88,450 mi.",Gasoline,At least 1 accident or damage reported,"$42,900"
Toyota,2020,"14,065 mi.",Gasoline,At least 1 accident or damage reported,"$27,671"
Subaru,2020,"36,844 mi.",Gasoline,At least 1 accident or damage reported,"$30,427"
Chevrolet,2020,"49,000 mi.",Gasoline,None reported,"$44,900"
BMW,2013,"58,000 mi.",Gasoline,None reported,"$17,900"
Audi,2021,"22,800 mi.",Hybrid,None reported,"$52,000"
Subaru,2014,"78,007 mi.",Gasoline,None reported,"$14,750"
Ford,2020,"36,500 mi.",Diesel,None reported,"$69,900"
Honda,2004,"156,350 mi.",Gasoline,At least 1 accident or damage reported,"$3,990"
Lexus,2021,"17,710 mi.",Gasoline,None reported,"$59,000"
Ford,2013,"149,000 mi.",Gasoline,At least 1 accident or damage reported,"$7,850"
Subaru,2015,"90,000 mi.",Gasoline,None reported,"$16,000"
Ford,2022,"9,990 mi.",Gasoline,None reported,"$64,500"
Mercedes-Benz,2019,"28,663 mi.",Gasoline,None reported,"$29,500"
Lexus,2015,"124,250 mi.",Gasoline,At least 1 accident or damage reported,"$17,900"
Ford,2017,"50,780 mi.",Diesel,None reported,"$61,000"
Porsche,2006,"65,000 mi.",Gasoline,,"$43,000"
Tesla,2022,"22,457 mi.",,None reported,"$40,036"
Toyota,2022,"19,361 mi.",Gasoline,None reported,"$38,298"
BMW,2017,"43,000 mi.",,None reported,"$16,500"
Ford,1993,"115,000 mi.",–,None reported,"$21,900"
Porsche,2020,"2,076 mi.",,None reported,"$115,998"
Porsche,2018,"9,712 mi.",Gasoline,None reported,"$188,900"
Mercedes-Benz,2005,"131,000 mi.",Gasoline,None reported,"$16,500"
Toyota,2022,"31,000 mi.",Gasoline,None reported,"$43,000"
Volvo,2021,"24,158 mi.",Plug-In Hybrid,None reported,"$44,900"
Audi,2016,"72,865 mi.",Gasoline,At least 1 accident or damage reported,"$22,000"
Mercedes-Benz,2014,"89,563 mi.",Gasoline,None reported,"$18,995"
Nissan,2012,"72,639 mi.",Gasoline,At least 1 accident or damage reported,"$15,000"
Mercedes-Benz,2012,"79,000 mi.",Gasoline,None reported,"$19,999"
Audi,2012,"111,564 mi.",Gasoline,None reported,"$11,200"
Lexus,2018,"75,000 mi.",Gasoline,At least 1 accident or damage reported,"$38,095"
Ford,2007,"169,613 mi.",Gasoline,At least 1 accident or damage reported,"$5,900"
Honda,2011,"175,000 mi.",Gasoline,None reported,"$9,000"
BMW,2017,"98,500 mi.",Gasoline,None reported,"$24,500"
Chrysler,2012,"53,000 mi.",Gasoline,At least 1 accident or damage reported,"$13,750"
RAM,2015,"72,200 mi.",Diesel,None reported,"$52,500"
Acura,2005,"151,600 mi.",Gasoline,None reported,"$7,899"
Lotus,2011,"20,000 mi.",Gasoline,None reported,"$51,000"
Chevrolet,2010,"170,000 mi.",E85 Flex Fuel,At least 1 accident or damage reported,"$9,000"
Ford,2019,"69,800 mi.",E85 Flex Fuel,None reported,"$34,600"
Toyota,2020,"26,300 mi.",Gasoline,At least 1 accident or damage reported,"$46,199"
Honda,2007,"156,111 mi.",Gasoline,At least 1 accident or damage reported,"$5,200"
Chevrolet,2016,"172,600 mi.",Diesel,At least 1 accident or damage reported,"$32,500"
Honda,2010,"145,000 mi.",Gasoline,None reported,"$9,000"
Ford,2001,"64,309 mi.",Gasoline,None reported,"$7,500"
RAM,2021,"15,183 mi.",Gasoline,None reported,"$90,000"
Buick,2020,"28,548 mi.",Gasoline,None reported,"$32,063"
Volkswagen,2022,"14,000 mi.",Gasoline,None reported,"$46,900"
Mercedes-Benz,2019,"67,000 mi.",Hybrid,None reported,"$44,500"
Jeep,2017,"84,786 mi.",Gasoline,None reported,"$23,500"
Mercedes-Benz,2008,"93,000 mi.",Gasoline,None reported,"$17,800"
Hyundai,2010,"127,500 mi.",Gasoline,At least 1 accident or damage reported,"$6,000"
Ford,2022,"8,000 mi.",,None reported,"$60,999"
GMC,2022,"16,500 mi.",Gasoline,None reported,"$32,900"
Jaguar,2013,"55,700 mi.",Gasoline,None reported,"$27,200"
Ford,2021,"42,245 mi.",Diesel,None reported,"$76,598"
Toyota,2009,"78,500 mi.",Gasoline,None reported,"$12,000"
Ford,2018,"48,619 mi.",Gasoline,None reported,"$51,499"
Jeep,2021,"51,105 mi.",Hybrid,None reported,"$42,700"
Ford,2016,"25,880 mi.",E85 Flex Fuel,None reported,"$25,500"
Tesla,2021,"20,100 mi.",,None reported,"$69,995"
Toyota,2018,"25,083 mi.",Gasoline,At least 1 accident or damage reported,"$34,955"
Audi,2002,"69,300 mi.",Gasoline,At least 1 accident or damage reported,"$9,995"
Toyota,2019,"46,000 mi.",Hybrid,None reported,"$40,000"
Jeep,2008,"141,485 mi.",Gasoline,At least 1 accident or damage reported,"$6,500"
Toyota,2018,"63,990 mi.",Gasoline,At least 1 accident or damage reported,"$48,000"
Ford,2020,"19,400 mi.",Gasoline,None reported,"$58,000"
Subaru,2013,"129,858 mi.",Gasoline,At least 1 accident or damage reported,"$13,490"
Volvo,2012,"102,000 mi.",Gasoline,None reported,"$10,800"
Subaru,2010,"8,700 mi.",Gasoline,None reported,"$39,900"
Chevrolet,2018,"49,279 mi.",,None reported,"$17,500"
Chevrolet,2004,"148,800 mi.",Gasoline,None reported,"$6,500"
Cadillac,2012,"160,249 mi.",E85 Flex Fuel,None reported,"$12,900"
Chrysler,2004,"45,000 mi.",Gasoline,None reported,"$6,000"
Chevrolet,2006,"169,000 mi.",Diesel,None reported,"$19,500"
Mercedes-Benz,2017,"46,000 mi.",Gasoline,None reported,"$56,000"
Ferrari,2019,"13,900 mi.",Gasoline,None reported,"$315,000"
Acura,2015,"38,000 mi.",Gasoline,None reported,"$21,900"
Chevrolet,2006,"42,000 mi.",Gasoline,None reported,"$42,000"
Lexus,2024,300 mi.,Hybrid,None reported,"$50,999"
Mercedes-Benz,2008,"120,800 mi.",Gasoline,None reported,"$13,900"
Jeep,2020,"76,313 mi.",Gasoline,None reported,"$35,234"
Chevrolet,2012,"104,000 mi.",E85 Flex Fuel,At least 1 accident or damage reported,"$16,500"
Lexus,2010,"97,097 mi.",Gasoline,At least 1 accident or damage reported,"$22,000"
Jeep,2008,"136,731 mi.",Gasoline,None reported,"$15,900"
RAM,2017,"40,200 mi.",Gasoline,At least 1 accident or damage reported,"$24,000"
Ford,2021,"39,105 mi.",Gasoline,None reported,"$44,605"
Mercedes-Benz,2017,"23,567 mi.",Gasoline,At least 1 accident or damage reported,"$215,000"
BMW,2021,"12,500 mi.",Gasoline,At least 1 accident or damage reported,"$90,000"
Chevrolet,2019,"38,900 mi.",Gasoline,None reported,"$34,700"
Lincoln,2016,"84,272 mi.",Gasoline,At least 1 accident or damage reported,"$25,221"
Mercedes-Benz,2016,"58,375 mi.",Gasoline,None reported,"$24,999"
Ford,2007,"7,346 mi.",Gasoline,None reported,"$40,999"
Dodge,2008,"98,231 mi.",Gasoline,At least 1 accident or damage reported,"$15,500"
Jaguar,2007,"56,000 mi.",Gasoline,None reported,"$18,000"
Honda,2020,"13,935 mi.",Gasoline,None reported,"$26,000"
Subaru,2019,"30,000 mi.",Gasoline,At least 1 accident or damage reported,"$21,250"
Saab,2009,"106,000 mi.",Gasoline,None reported,"$12,950"
BMW,2014,"82,978 mi.",Gasoline,None reported,"$18,700"
Jeep,2018,"58,500 mi.",Gasoline,None reported,"$35,000"
Ford,2015,"92,421 mi.",Diesel,None reported,"$51,900"
Mazda,2020,"9,927 mi.",Gasoline,None reported,"$27,518"
Jeep,2000,"122,945 mi.",Gasoline,None reported,"$13,900"
Lexus,2006,"110,250 mi.",Gasoline,None reported,"$11,000"
INFINITI,2011,"103,010 mi.",Gasoline,None reported,"$13,500"
Hyundai,2017,"55,359 mi.",Gasoline,None reported,"$15,599"
Chevrolet,2002,"118,500 mi.",Gasoline,At least 1 accident or damage reported,"$5,900"
Rivian,2022,"7,800 mi.",,None reported,"$92,500"
Land,2020,"41,500 mi.",Hybrid,None reported,"$68,000"
BMW,2020,"28,000 mi.",Gasoline,None reported,"$59,900"
Mercedes-Benz,2014,"53,500 mi.",Gasoline,None reported,"$24,500"
Honda,2021,"33,523 mi.",Hybrid,None reported,"$28,748"
Toyota,2016,"86,300 mi.",Hybrid,At least 1 accident or damage reported,"$18,000"
Subaru,2022,"7,738 mi.",Gasoline,At least 1 accident or damage reported,"$33,000"
Bentley,2020,"22,001 mi.",Gasoline,None reported,"$173,995"
Ford,2022,"14,361 mi.",Gasoline,None reported,"$51,500"
Chevrolet,2016,"98,000 mi.",E85 Flex Fuel,At least 1 accident or damage reported,"$30,000"
Chevrolet,2022,"30,455 mi.",Gasoline,None reported,"$37,698"
Ford,2020,"64,552 mi.",Gasoline,At least 1 accident or damage reported,"$36,750"
Lexus,2017,"103,866 mi.",Gasoline,At least 1 accident or damage reported,"$24,700"
Land,2019,"35,650 mi.",Gasoline,At least 1 accident or damage reported,"$57,999"
Ford,2021,"64,957 mi.",Gasoline,None reported,"$39,979"
Dodge,2012,"33,700 mi.",–,None reported,"$33,500"
Chevrolet,2012,"96,653 mi.",Gasoline,At least 1 accident or damage reported,"$7,500"
Dodge,2022,"29,500 mi.",Gasoline,None reported,"$31,000"
Porsche,2021,"7,400 mi.",Gasoline,,"$116,999"
Volvo,2012,"69,000 mi.",Gasoline,At least 1 accident or damage reported,"$15,900"
Lexus,2005,"198,000 mi.",Gasoline,At least 1 accident or damage reported,"$15,500"
Porsche,2015,"23,600 mi.",Gasoline,None reported,"$132,900"
Volvo,2008,"170,000 mi.",Gasoline,None reported,"$7,000"
Nissan,2008,"76,500 mi.",Gasoline,At least 1 accident or damage reported,"$28,000"
Porsche,2007,"73,500 mi.",Gasoline,None reported,"$75,499"
Land,2020,"29,000 mi.",Hybrid,None reported,"$70,000"
Porsche,2017,"69,404 mi.",Plug-In Hybrid,At least 1 accident or damage reported,"$29,500"
Lexus,2007,"103,000 mi.",Gasoline,At least 1 accident or damage reported,"$12,900"
Porsche,2015,"70,500 mi.",Gasoline,At least 1 accident or damage reported,"$26,500"
Land,2016,"64,000 mi.",Gasoline,None reported,"$36,995"
GMC,2018,"63,460 mi.",E85 Flex Fuel,None reported,"$33,000"
Toyota,2018,"32,199 mi.",Gasoline,None reported,"$35,500"
Hyundai,2020,"69,487 mi.",Gasoline,None reported,"$32,000"
GMC,2015,"86,000 mi.",Diesel,None reported,"$49,000"
Genesis,2022,"8,730 mi.",Gasoline,None reported,"$48,219"
Dodge,2002,"70,000 mi.",Gasoline,At least 1 accident or damage reported,"$8,000"
Chevrolet,2017,"70,000 mi.",Gasoline,At least 1 accident or damage reported,"$17,900"
Audi,2015,"83,420 mi.",E85 Flex Fuel,At least 1 accident or damage reported,"$16,000"
Nissan,2003,"189,000 mi.",Gasoline,At least 1 accident or damage reported,"$2,899"
Porsche,2017,"31,500 mi.",Gasoline,None reported,"$97,555"
BMW,2015,"85,766 mi.",Gasoline,None reported,"$13,000"
GMC,2018,"92,800 mi.",Gasoline,None reported,"$34,000"
Land,2021,"13,970 mi.",Hybrid,None reported,"$75,500"
Porsche,2023,154 mi.,Gasoline,None reported,"$274,900"
Toyota,2000,"265,000 mi.",Gasoline,None reported,"$15,500"
Scion,2011,"95,426 mi.",Gasoline,None reported,"$8,000"
Honda,2001,"119,900 mi.",Gasoline,At least 1 accident or damage reported,"$18,000"
Mazda,2020,"23,162 mi.",Gasoline,None reported,"$25,495"
BMW,2023,"3,950 mi.",Gasoline,None reported,"$83,500"
Porsche,2006,"80,000 mi.",Gasoline,None reported,"$43,000"
Ford,2015,"94,634 mi.",E85 Flex Fuel,At least 1 accident or damage reported,"$32,500"
Chevrolet,2007,"65,000 mi.",Gasoline,At least 1 accident or damage reported,"$33,885"
Lexus,2008,"100,000 mi.",Gasoline,At least 1 accident or damage reported,"$11,500"
Toyota,2023,500 mi.,Hybrid,None reported,"$59,500"
Mercedes-Benz,2021,"7,856 mi.",Gasoline,None reported,"$425,000"
Audi,2011,"181,000 mi.",Gasoline,None reported,"$5,500"
Mercedes-Benz,2018,"48,700 mi.",Gasoline,None reported,"$27,900"
Porsche,2009,"13,500 mi.",Gasoline,None reported,"$130,000"
Toyota,2017,"87,500 mi.",Gasoline,None reported,"$20,000"
Jaguar,2000,"45,000 mi.",Gasoline,None reported,"$12,500"
Chevrolet,1996,"85,760 mi.",Gasoline,None reported,"$14,500"
Tesla,2018,"36,187 mi.",,None reported,"$28,895"
Hyundai,2022,"13,666 mi.",Gasoline,None reported,"$27,999"
Porsche,2007,"50,500 mi.",Gasoline,None reported,"$56,000"
Lincoln,2021,"19,291 mi.",Gasoline,None reported,"$44,340"
Ford,2012,"1,295 mi.",Gasoline,None reported,"$49,990"
Cadillac,2017,"55,000 mi.",Gasoline,At least 1 accident or damage reported,"$49,900"
MINI,2010,"74,000 mi.",Gasoline,None reported,"$9,650"
Dodge,2022,"14,976 mi.",Gasoline,None reported,"$49,999"
BMW,2018,"25,348 mi.",Gasoline,At least 1 accident or damage reported,"$33,889"
Chevrolet,2010,"23,133 mi.",Gasoline,None reported,"$35,000"
Jaguar,2018,"34,322 mi.",Diesel,None reported,"$29,998"
Dodge,2021,"39,960 mi.",Gasoline,At least 1 accident or damage reported,"$28,500"
BMW,2016,"76,400 mi.",Gasoline,At least 1 accident or damage reported,"$31,300"
Ford,2022,"18,533 mi.",Gasoline,None reported,"$38,978"
GMC,2023,"7,500 mi.",Gasoline,None reported,"$92,888"
INFINITI,2022,"26,520 mi.",Gasoline,At least 1 accident or damage reported,"$64,000"
Land,2014,"59,500 mi.",E85 Flex Fuel,None reported,"$33,800"
Honda,2020,"44,000 mi.",Gasoline,None reported,"$34,999"
Pontiac,2001,"111,000 mi.",Gasoline,None reported,"$11,000"
Toyota,2016,"82,260 mi.",Gasoline,None reported,"$31,906"
Porsche,2006,"52,744 mi.",Gasoline,At least 1 accident or damage reported,"$37,500"
BMW,2019,"28,200 mi.",Plug-In Hybrid,At least 1 accident or damage reported,"$79,950"
Nissan,2000,"194,277 mi.",Gasoline,At least 1 accident or damage reported,"$2,300"
Pontiac,2001,"91,812 mi.",Gasoline,None reported,"$12,850"
Chevrolet,2018,"84,224 mi.",Gasoline,None reported,"$43,775"
BMW,2018,"66,690 mi.",Gasoline,At least 1 accident or damage reported,"$24,900"
Mercedes-Benz,2018,"41,500 mi.",Gasoline,At least 1 accident or damage reported,"$39,848"
BMW,2014,"85,095 mi.",Gasoline,At least 1 accident or damage reported,"$24,900"
Volvo,2015,"39,000 mi.",Gasoline,At least 1 accident or damage reported,"$17,900"
Tesla,2022,"20,500 mi.",,None reported,"$46,500"
Ford,2019,"112,000 mi.",Diesel,None reported,"$61,995"
Volkswagen,2023,"1,716 mi.",,None reported,"$39,998"
Audi,2016,"90,360 mi.",Gasoline,At least 1 accident or damage reported,"$15,499"
Ford,2020,"82,146 mi.",Gasoline,None reported,"$30,825"
Ford,2020,"16,850 mi.",Gasoline,At least 1 accident or damage reported,"$41,000"
Honda,2003,"101,000 mi.",Gasoline,None reported,"$28,000"
BMW,2015,"68,750 mi.",Gasoline,None reported,"$25,999"
Lamborghini,2018,"5,858 mi.",Gasoline,None reported,"$491,836"
Dodge,2004,"143,000 mi.",Gasoline,None reported,"$3,200"
Nissan,2005,"152,270 mi.",Gasoline,At least 1 accident or damage reported,"$6,900"
Kia,2021,"19,605 mi.",Gasoline,None reported,"$33,591"
Chevrolet,2020,"19,200 mi.",Gasoline,None reported,"$69,999"
Chevrolet,2004,"64,500 mi.",Gasoline,None reported,"$5,900"
Toyota,2011,"149,000 mi.",Gasoline,None reported,"$18,995"
McLaren,2018,"5,918 mi.",Gasoline,None reported,"$179,900"
Pontiac,1997,"134,033 mi.",Gasoline,At least 1 accident or damage reported,"$7,200"
Kia,2019,"37,226 mi.",Gasoline,None reported,"$34,998"
Ford,2017,"71,924 mi.",Gasoline,None reported,"$13,700"
Lamborghini,2021,"5,718 mi.",Gasoline,None reported,"$279,991"
Jeep,2014,"122,200 mi.",Gasoline,At least 1 accident or damage reported,"$21,500"
Land,2020,"37,248 mi.",Hybrid,None reported,"$54,500"
Chevrolet,1999,"88,750 mi.",Gasoline,None reported,"$6,800"
Cadillac,2008,"64,800 mi.",Gasoline,,"$24,700"
Ford,2014,"112,180 mi.",Hybrid,None reported,"$12,599"
RAM,2015,"149,130 mi.",Diesel,At least 1 accident or damage reported,"$35,000"
Tesla,2020,"88,000 mi.",,None reported,"$35,500"
Toyota,2018,"74,000 mi.",Gasoline,None reported,"$27,950"
Ford,2019,"44,460 mi.",Gasoline,None reported,"$34,500"
GMC,2015,"96,000 mi.",Gasoline,None reported,"$17,000"
Porsche,2005,"75,000 mi.",Gasoline,,"$17,500"
Dodge,2014,"95,000 mi.",Gasoline,None reported,"$17,900"
Land,2016,"49,799 mi.",Gasoline,None reported,"$37,500"
Ford,2006,"27,407 mi.",Gasoline,None reported,"$21,750"
Alfa,2020,"23,339 mi.",Gasoline,,"$34,645"
Tesla,2016,"74,122 mi.",,None reported,"$35,900"
Jaguar,1997,"50,000 mi.",Gasoline,None reported,"$6,000"
Mercedes-Benz,2021,"14,745 mi.",Gasoline,None reported,"$38,998"
Chevrolet,2021,"2,700 mi.",Gasoline,None reported,"$85,950"
Buick,2012,"190,000 mi.",Gasoline,At least 1 accident or damage reported,"$6,000"
Audi,2014,"90,236 mi.",E85 Flex Fuel,None reported,"$9,999"
Jeep,2020,"4,000 mi.",Gasoline,None reported,"$50,000"
Land,2022,"2,220 mi.",Hybrid,None reported,"$115,999"
GMC,2017,"124,000 mi.",Gasoline,At least 1 accident or damage reported,"$32,000"
Ford,2019,"45,163 mi.",Gasoline,None reported,"$35,690"
Volkswagen,2020,"49,400 mi.",Gasoline,None reported,"$20,900"
Porsche,2020,"11,256 mi.",Gasoline,None reported,"$124,900"
Chevrolet,2021,"13,700 mi.",Gasoline,None reported,"$75,000"
Land,2011,"174,678 mi.",Gasoline,None reported,"$9,500"
Lexus,2022,"1,600 mi.",Hybrid,None reported,"$59,000"
Porsche,2019,"15,509 mi.",Gasoline,None reported,"$229,900"
Ford,2020,"69,849 mi.",Gasoline,None reported,"$48,149"
Toyota,2008,"160,000 mi.",Gasoline,At least 1 accident or damage reported,"$17,000"
Toyota,2016,"40,000 mi.",not supported,None reported,"$9,500"
Ford,2007,"228,000 mi.",Gasoline,At least 1 accident or damage reported,"$3,850"
GMC,2008,"187,000 mi.",–,At least 1 accident or damage reported,"$6,100"
Mercedes-Benz,2015,"102,000 mi.",Gasoline,None reported,"$17,000"
Cadillac,2016,"48,000 mi.",Gasoline,At least 1 accident or damage reported,"$24,995"
Chrysler,2012,"163,500 mi.",E85 Flex Fuel,None reported,"$5,949"
Porsche,2023,"1,500 mi.",Gasoline,None reported,"$149,000"
Porsche,2021,"2,100 mi.",Gasoline,,"$136,900"
Ford,2018,"66,281 mi.",Diesel,None reported,"$63,500"
Ford,2021,"18,000 mi.",,None reported,"$39,499"
Ford,2014,"27,300 mi.",Gasoline,None reported,"$21,500"
Mazda,2020,"19,319 mi.",Gasoline,At least 1 accident or damage reported,"$24,899"
Mercedes-Benz,2016,"32,936 mi.",Gasoline,At least 1 accident or damage reported,"$90,000"
BMW,2017,"30,450 mi.",Gasoline,None reported,"$52,999"
Jeep,2017,"38,200 mi.",Gasoline,None reported,"$29,500"
Jeep,2020,"26,315 mi.",Gasoline,None reported,"$31,871"
Chevrolet,2003,"110,000 mi.",Gasoline,None reported,"$8,900"
MINI,2014,"19,700 mi.",Gasoline,None reported,"$13,500"
Honda,2008,"192,000 mi.",Gasoline,At least 1 accident or damage reported,"$11,000"
Porsche,2017,"26,000 mi.",Gasoline,None reported,"$116,911"
Subaru,2008,"98,313 mi.",Gasoline,None reported,"$7,495"
Cadillac,2021,"66,500 mi.",Gasoline,None reported,"$28,500"
Nissan,2022,"19,877 mi.",Gasoline,None reported,"$18,999"
Kia,2021,"16,100 mi.",Gasoline,None reported,"$25,500"
GMC,2016,"83,858 mi.",Gasoline,At least 1 accident or damage reported,"$27,633"
Mercedes-Benz,2020,"24,108 mi.",Gasoline,None reported,"$56,000"
Ford,2020,"42,609 mi.",Gasoline,At least 1 accident or damage reported,"$32,107"
Subaru,2017,"160,000 mi.",Gasoline,At least 1 accident or damage reported,"$7,750"
INFINITI,2017,"121,525 mi.",Gasoline,At least 1 accident or damage reported,"$28,500"
Kia,2023,"6,423 mi.",Gasoline,None reported,"$42,500"
Pontiac,2007,"62,310 mi.",Gasoline,None reported,"$12,900"
Mazda,2021,"21,444 mi.",Gasoline,None reported,"$29,995"
Ford,2015,"112,000 mi.",Gasoline,At least 1 accident or damage reported,"$29,500"
Hyundai,2013,"60,000 mi.",Gasoline,None reported,"$16,500"
Dodge,2013,"153,250 mi.",Gasoline,None reported,"$4,399"
Jeep,2019,"57,000 mi.",Gasoline,None reported,"$39,900"
Chevrolet,2011,"140,401 mi.",E85 Flex Fuel,At least 1 accident or damage reported,"$16,000"
Ford,2023,"5,500 mi.",Gasoline,None reported,"$70,000"
Chevrolet,2022,"2,010 mi.",Gasoline,None reported,"$89,000"
Tesla,2018,"24,360 mi.",,None reported,"$31,500"
Audi,2013,"96,800 mi.",Gasoline,At least 1 accident or damage reported,"$11,000"
Cadillac,2014,"34,988 mi.",Gasoline,None reported,"$21,500"
Nissan,2012,"65,750 mi.",Gasoline,At least 1 accident or damage reported,"$15,995"
Chevrolet,2019,"56,654 mi.",Gasoline,None reported,"$43,860"
Lincoln,2016,"140,200 mi.",Gasoline,None reported,"$10,500"
Chevrolet,2016,"122,971 mi.",Gasoline,At least 1 accident or damage reported,"$12,999"
Nissan,2008,"227,010 mi.",Gasoline,None reported,"$3,850"
Ford,2004,"271,000 mi.",Gasoline,At least 1 accident or damage reported,"$9,500"
Porsche,2022,"13,800 mi.",Gasoline,None reported,"$234,000"
Dodge,2001,"171,079 mi.",Diesel,None reported,"$27,500"
Chevrolet,2021,"24,915 mi.",Gasoline,None reported,"$44,791"
Nissan,2022,"15,577 mi.",Gasoline,None reported,"$19,599"
Audi,2014,"102,370 mi.",Gasoline,None reported,"$21,373"
Lamborghini,2011,"16,000 mi.",Gasoline,None reported,"$229,000"
Mercedes-Benz,2012,"122,000 mi.",Gasoline,None reported,"$15,000"
FIAT,2016,"48,500 mi.",Gasoline,None reported,"$15,999"
Ford,2018,"53,500 mi.",Gasoline,At least 1 accident or damage reported,"$31,500"
Ford,2004,"315,000 mi.",Diesel,None reported,"$9,200"
Ford,2006,"158,000 mi.",Gasoline,At least 1 accident or damage reported,"$8,500"
Kia,2019,"43,850 mi.",Gasoline,At least 1 accident or damage reported,"$30,000"
Mercedes-Benz,2015,"73,500 mi.",Gasoline,None reported,"$19,000"
Nissan,2014,"153,350 mi.",Gasoline,At least 1 accident or damage reported,"$9,000"
Volkswagen,2019,"74,000 mi.",Gasoline,None reported,"$25,500"
BMW,2013,"52,000 mi.",Gasoline,None reported,"$17,500"
Audi,2022,250 mi.,,None reported,"$52,000"
Nissan,2017,"145,000 mi.",Gasoline,At least 1 accident or damage reported,"$8,500"
Subaru,2020,"40,971 mi.",Gasoline,None reported,"$32,500"
Ford,2010,"248,000 mi.",E85 Flex Fuel,At least 1 accident or damage reported,"$14,000"
GMC,2023,940 mi.,,,"$146,000"
BMW,2018,"38,000 mi.",Gasoline,None reported,"$60,500"
Acura,2016,"128,000 mi.",Gasoline,None reported,"$19,500"
Chevrolet,2022,"7,455 mi.",Gasoline,None reported,"$68,990"
Jeep,1999,"137,790 mi.",Gasoline,None reported,"$12,000"
Ford,2016,"92,000 mi.",Gasoline,None reported,"$19,995"
Porsche,2001,"21,450 mi.",Gasoline,None reported,"$36,000"
Nissan,2021,"43,875 mi.",Gasoline,At least 1 accident or damage reported,"$29,725"
Pontiac,2009,"81,327 mi.",Gasoline,None reported,"$17,500"
Mercedes-Benz,2021,"72,836 mi.",Gasoline,None reported,"$41,000"
McLaren,2020,"5,072 mi.",Gasoline,None reported,"$279,950"
Jeep,2007,"161,900 mi.",E85 Flex Fuel,At least 1 accident or damage reported,"$4,800"
Audi,2022,"24,500 mi.",Hybrid,None reported,"$47,000"
BMW,2018,"14,993 mi.",Gasoline,None reported,"$44,900"
Volkswagen,2019,"96,000 mi.",Gasoline,At least 1 accident or damage reported,"$14,980"
Porsche,2022,"7,900 mi.",,None reported,"$108,000"
Cadillac,2019,"35,566 mi.",Gasoline,At least 1 accident or damage reported,"$26,000"
Lexus,2008,"113,000 mi.",Gasoline,At least 1 accident or damage reported,"$34,000"
Ford,2022,"20,678 mi.",Gasoline,None reported,"$46,000"
Porsche,2008,"10,900 mi.",Gasoline,None reported,"$129,000"
Buick,2012,"19,079 mi.",Hybrid,None reported,"$15,995"
Mazda,2008,"155,500 mi.",Gasoline,At least 1 accident or damage reported,"$6,800"
Ford,2019,"35,500 mi.",Gasoline,None reported,"$32,300"
Mazda,2021,"52,253 mi.",Gasoline,At least 1 accident or damage reported,"$25,215"
Ford,2004,"110,000 mi.",Gasoline,At least 1 accident or damage reported,"$8,500"
Volkswagen,2016,"59,250 mi.",Gasoline,None reported,"$18,999"
Ford,2004,"39,000 mi.",Gasoline,,"$22,000"
Hummer,2008,"155,000 mi.",Gasoline,At least 1 accident or damage reported,"$37,000"
BMW,2017,"39,250 mi.",Gasoline,None reported,"$28,900"
BMW,2020,"23,647 mi.",Gasoline,None reported,"$37,998"
Hyundai,2014,"127,941 mi.",Gasoline,None reported,"$7,500"
RAM,2014,"124,000 mi.",Gasoline,None reported,"$24,850"
Ford,2023,"1,500 mi.",Gasoline,None reported,"$60,000"
MINI,2014,"70,700 mi.",Gasoline,None reported,"$15,750"
Cadillac,2013,"113,395 mi.",E85 Flex Fuel,At least 1 accident or damage reported,"$18,800"
Mercedes-Benz,2022,"18,815 mi.",Gasoline,None reported,"$61,998"
Toyota,2014,"65,000 mi.",Gasoline,None reported,"$27,999"
Audi,2019,"23,350 mi.",Hybrid,None reported,"$48,000"
Lexus,2019,"39,000 mi.",Gasoline,At least 1 accident or damage reported,"$34,000"
Toyota,2019,"48,842 mi.",Gasoline,At least 1 accident or damage reported,"$39,857"
FIAT,2015,"47,800 mi.",Gasoline,At least 1 accident or damage reported,"$11,500"
Ford,2022,"52,000 mi.",Hybrid,None reported,"$28,000"
Ford,2006,"16,000 mi.",Gasoline,None reported,"$22,000"
Jeep,2023,"7,102 mi.",Gasoline,None reported,"$40,995"
Jeep,2015,"157,000 mi.",E85 Flex Fuel,None reported,"$17,000"
Ford,2023,"9,095 mi.",,None reported,"$59,000"
Jeep,2010,"179,700 mi.",Gasoline,At least 1 accident or damage reported,"$4,500"
Lexus,2006,"170,000 mi.",Gasoline,None reported,"$7,500"
Rolls-Royce,2022,"3,420 mi.",Gasoline,None reported,"$399,950"
Ford,2021,"93,400 mi.",Diesel,,"$69,995"
BMW,2011,"110,000 mi.",Gasoline,At least 1 accident or damage reported,"$12,000"
Porsche,2016,"22,500 mi.",Gasoline,None reported,"$78,000"
Ford,2013,"20,800 mi.",Gasoline,None reported,"$19,795"
Lexus,2018,"100,868 mi.",Hybrid,At least 1 accident or damage reported,"$23,400"
Volkswagen,2012,"131,986 mi.",Gasoline,At least 1 accident or damage reported,"$9,000"
Volkswagen,2016,"127,770 mi.",Gasoline,None reported,"$13,800"
Porsche,2013,"56,985 mi.",Gasoline,None reported,"$65,900"
Toyota,2014,"106,000 mi.",Plug-In Hybrid,At least 1 accident or damage reported,"$11,800"
Ford,2019,"92,671 mi.",Diesel,At least 1 accident or damage reported,"$50,000"
Mercedes-Benz,2019,"49,500 mi.",Gasoline,None reported,"$55,900"
Porsche,2020,"16,741 mi.",Gasoline,None reported,"$112,500"
Ford,2011,"133,504 mi.",Gasoline,None reported,"$23,500"
Cadillac,2019,"20,296 mi.",Gasoline,None reported,"$30,599"
Volkswagen,2019,"55,234 mi.",Gasoline,None reported,"$19,290"
Jeep,2005,"162,482 mi.",Gasoline,None reported,"$11,000"
Lincoln,2002,"42,000 mi.",Gasoline,At least 1 accident or damage reported,"$11,000"
Ford,2022,470 mi.,,None reported,"$71,900"
Mercedes-Benz,2006,"98,300 mi.",Gasoline,At least 1 accident or damage reported,"$15,900"
Audi,2013,"53,900 mi.",Gasoline,,"$27,450"
BMW,2013,"82,849 mi.",Gasoline,None reported,"$19,999"
Porsche,2009,"25,500 mi.",Gasoline,None reported,"$79,995"
Kia,2020,"53,452 mi.",Gasoline,At least 1 accident or damage reported,"$16,995"
Chevrolet,2004,"40,011 mi.",Gasoline,None reported,"$23,500"
Hyundai,2018,"45,800 mi.",Gasoline,At least 1 accident or damage reported,"$20,900"
RAM,2022,"15,741 mi.",Gasoline,None reported,"$45,999"
Kia,2023,"11,100 mi.",Gasoline,None reported,"$40,200"
Ford,2020,"36,000 mi.",E85 Flex Fuel,None reported,"$44,000"
BMW,2013,"69,750 mi.",Gasoline,At least 1 accident or damage reported,"$15,999"
Mercedes-Benz,2021,"19,162 mi.",Gasoline,None reported,"$38,500"
Audi,2023,"6,046 mi.",Hybrid,None reported,"$51,598"
Ford,2020,"17,000 mi.",Gasoline,At least 1 accident or damage reported,"$21,000"
Audi,2019,"10,832 mi.",Hybrid,None reported,"$42,500"
Toyota,2004,"173,452 mi.",Gasoline,At least 1 accident or damage reported,"$4,000"
Kia,2017,"103,338 mi.",Gasoline,At least 1 accident or damage reported,"$17,238"
Ford,2022,"28,000 mi.",Gasoline,None reported,"$53,500"
Audi,2019,"51,984 mi.",Hybrid,None reported,"$44,870"
Chevrolet,2020,"8,974 mi.",Gasoline,At least 1 accident or damage reported,"$79,900"
Scion,2014,"99,999 mi.",Gasoline,None reported,"$10,998"
Mercedes-Benz,2017,"59,400 mi.",Gasoline,At least 1 accident or damage reported,"$21,000"
Nissan,2020,"47,147 mi.",Gasoline,None reported,"$23,625"
Ford,2018,"53,782 mi.",Gasoline,At least 1 accident or damage reported,"$29,950"
Ford,2011,"160,000 mi.",Gasoline,None reported,"$4,700"
Chevrolet,2015,500 mi.,Gasoline,At least 1 accident or damage reported,"$37,000"
Ford,2020,"42,000 mi.",Gasoline,,"$19,000"
Dodge,2018,"64,000 mi.",E85 Flex Fuel,None reported,"$35,000"
Hyundai,2021,"28,600 mi.",Hybrid,None reported,"$23,999"
GMC,2019,"26,339 mi.",Gasoline,At least 1 accident or damage reported,"$36,750"
Alfa,2018,"28,644 mi.",Gasoline,,"$41,500"
Subaru,2008,"148,740 mi.",Gasoline,At least 1 accident or damage reported,"$14,500"
GMC,2021,"16,919 mi.",Diesel,At least 1 accident or damage reported,"$73,000"
Chevrolet,2005,"170,000 mi.",Gasoline,At least 1 accident or damage reported,"$9,000"
Mercedes-Benz,2013,"130,000 mi.",Gasoline,At least 1 accident or damage reported,"$26,900"
Ford,2022,"1,889 mi.",Plug-In Hybrid,None reported,"$32,850"
Dodge,2018,"62,197 mi.",Gasoline,None reported,"$26,691"
Ford,2016,"71,000 mi.",E85 Flex Fuel,At least 1 accident or damage reported,"$24,350"
Lexus,2016,"83,400 mi.",Gasoline,At least 1 accident or damage reported,"$22,495"
Cadillac,2019,"74,414 mi.",Gasoline,None reported,"$26,000"
Ford,2010,"29,816 mi.",Gasoline,None reported,"$38,000"
Ford,2015,"68,749 mi.",Diesel,None reported,"$45,000"
BMW,2005,"190,395 mi.",Gasoline,None reported,"$5,000"
Lamborghini,2015,"34,152 mi.",Gasoline,None reported,"$185,500"
Toyota,2007,"98,528 mi.",Gasoline,At least 1 accident or damage reported,"$7,450"
BMW,2011,"91,500 mi.",Gasoline,At least 1 accident or damage reported,"$13,599"
Chevrolet,2017,"50,850 mi.",Gasoline,None reported,"$37,000"
Mazda,1999,"130,000 mi.",Gasoline,At least 1 accident or damage reported,"$9,000"
Toyota,2005,"199,400 mi.",Gasoline,At least 1 accident or damage reported,"$8,500"
RAM,2013,"84,220 mi.",Gasoline,At least 1 accident or damage reported,"$26,500"
Mercedes-Benz,2016,"67,280 mi.",Gasoline,None reported,"$41,999"
Volkswagen,2021,"16,538 mi.",Gasoline,None reported,"$25,998"
Toyota,2018,"66,000 mi.",Gasoline,None reported,"$51,000"
Cadillac,2018,"53,450 mi.",Gasoline,None reported,"$49,999"
Volkswagen,2018,"63,277 mi.",Gasoline,None reported,"$20,900"
Nissan,2020,"30,900 mi.",Gasoline,None reported,"$21,000"
Mercedes-Benz,2019,"60,854 mi.",Gasoline,None reported,"$25,498"
Ford,2015,"85,000 mi.",Gasoline,None reported,"$31,000"
Toyota,2016,"108,130 mi.",Gasoline,None reported,"$18,500"
Toyota,2023,"11,400 mi.",Gasoline,None reported,"$46,000"
Mercedes-Benz,2013,"63,300 mi.",Gasoline,None reported,"$22,800"
Tesla,2020,"27,500 mi.",,None reported,"$44,000"
BMW,2012,"122,600 mi.",Gasoline,At least 1 accident or damage reported,"$12,900"
Dodge,2006,"145,565 mi.",Gasoline,At least 1 accident or damage reported,"$4,500"
Ford,2016,"66,500 mi.",Gasoline,None reported,"$27,000"
BMW,2017,"75,000 mi.",Gasoline,None reported,"$20,000"
Mazda,2021,"24,781 mi.",Gasoline,,"$28,991"
BMW,2013,"67,000 mi.",Gasoline,At least 1 accident or damage reported,"$24,500"
Audi,2019,"24,500 mi.",Gasoline,None reported,"$31,000"
Audi,2013,"37,500 mi.",Gasoline,None reported,"$26,000"
Nissan,2013,"101,000 mi.",Gasoline,None reported,"$59,000"
Tesla,2020,"25,000 mi.",,None reported,"$49,995"
Toyota,2000,"245,000 mi.",Gasoline,At least 1 accident or damage reported,"$2,500"
Tesla,2021,"49,252 mi.",,None reported,"$37,999"
Buick,2016,"103,814 mi.",Gasoline,At least 1 accident or damage reported,"$14,995"
Toyota,2021,"27,000 mi.",Gasoline,None reported,"$48,500"
BMW,2021,"60,942 mi.",Gasoline,None reported,"$32,085"
BMW,2011,"100,780 mi.",Gasoline,At least 1 accident or damage reported,"$12,000"
Tesla,2018,"65,000 mi.",,None reported,"$41,000"
Lexus,2012,"167,000 mi.",Gasoline,At least 1 accident or damage reported,"$19,470"
Chevrolet,2008,"161,000 mi.",Gasoline,At least 1 accident or damage reported,"$17,000"
Subaru,2005,"90,200 mi.",Gasoline,None reported,"$12,499"
Volkswagen,2012,"159,870 mi.",Gasoline,At least 1 accident or damage reported,"$9,750"
Porsche,1996,"38,000 mi.",–,,"$75,000"
Audi,2022,"14,550 mi.",Hybrid,None reported,"$41,500"
INFINITI,2018,"38,000 mi.",Gasoline,None reported,"$32,000"
Chevrolet,2002,"35,515 mi.",Gasoline,At least 1 accident or damage reported,"$21,000"
Mazda,1993,"94,200 mi.",–,At least 1 accident or damage reported,"$2,500"
Mercedes-Benz,2008,"33,300 mi.",Gasoline,None reported,"$34,500"
Mercedes-Benz,2016,"90,189 mi.",Gasoline,At least 1 accident or damage reported,"$17,995"
Land,2023,"1,148 mi.",Gasoline,None reported,"$193,063"
Mercedes-Benz,2001,"59,500 mi.",Gasoline,None reported,"$6,500"
Ford,2017,"134,000 mi.",Gasoline,None reported,"$26,500"
Buick,2014,"86,281 mi.",Gasoline,None reported,"$18,900"
Porsche,2020,"34,580 mi.",Gasoline,None reported,"$56,000"
Hyundai,2007,"145,000 mi.",Gasoline,At least 1 accident or damage reported,"$4,200"
Mazda,2021,"11,737 mi.",Gasoline,None reported,"$33,687"
Tesla,2020,"25,535 mi.",,None reported,"$68,969"
Jeep,2016,"67,499 mi.",Gasoline,None reported,"$27,500"
Toyota,2004,"220,450 mi.",Gasoline,None reported,"$8,550"
Chevrolet,2018,"20,200 mi.",Gasoline,At least 1 accident or damage reported,"$42,950"
Jaguar,2000,"40,000 mi.",Gasoline,None reported,"$15,400"
Mercedes-Benz,2015,"80,300 mi.",Gasoline,At least 1 accident or damage reported,"$22,000"
BMW,2017,"63,150 mi.",Gasoline,None reported,"$21,500"
Volkswagen,2018,"48,210 mi.",Gasoline,None reported,"$24,999"
Nissan,2012,"115,359 mi.",Gasoline,None reported,"$9,950"
Subaru,2018,"90,601 mi.",Gasoline,None reported,"$26,000"
BMW,2000,"132,200 mi.",Gasoline,None reported,"$26,900"
Mercedes-Benz,2023,"4,000 mi.",Diesel,None reported,"$65,000"
Volkswagen,2019,"32,000 mi.",Gasoline,None reported,"$32,750"
MINI,2016,"95,070 mi.",Gasoline,None reported,"$12,750"
Nissan,2017,"148,000 mi.",Gasoline,None reported,"$13,000"
Lexus,2014,"125,519 mi.",Hybrid,At least 1 accident or damage reported,"$16,000"
INFINITI,2013,"90,000 mi.",Gasoline,None reported,"$14,500"
Audi,2018,"49,650 mi.",Gasoline,At least 1 accident or damage reported,"$23,750"
Nissan,2015,"149,800 mi.",Gasoline,At least 1 accident or damage reported,"$11,600"
Chevrolet,2019,"37,161 mi.",Gasoline,None reported,"$26,990"
Dodge,2000,"188,000 mi.",–,At least 1 accident or damage reported,"$10,000"
Ford,2016,"111,700 mi.",E85 Flex Fuel,None reported,"$15,500"
Mercedes-Benz,2016,"72,784 mi.",Gasoline,None reported,"$34,900"
Cadillac,2007,"150,000 mi.",Gasoline,None reported,"$9,999"
Ford,2012,"140,450 mi.",Gasoline,At least 1 accident or damage reported,"$8,500"
Lexus,2010,"132,700 mi.",Gasoline,At least 1 accident or damage reported,"$10,700"
Dodge,2020,"49,000 mi.",Gasoline,None reported,"$40,000"
Chevrolet,2023,"2,058 mi.",Gasoline,None reported,"$101,999"
Jeep,2019,"23,442 mi.",Gasoline,None reported,"$44,500"
Tesla,2021,"23,749 mi.",,None reported,"$35,999"
Toyota,2021,"35,048 mi.",Gasoline,None reported,"$52,590"
INFINITI,2016,"91,239 mi.",Gasoline,None reported,"$17,500"
Porsche,2022,"2,950 mi.",Gasoline,None reported,"$131,000"
Ford,2019,"59,678 mi.",Gasoline,None reported,"$33,700"
BMW,2022,"2,010 mi.",Gasoline,None reported,"$55,000"
Toyota,2014,"80,354 mi.",Hybrid,At least 1 accident or damage reported,"$13,310"
Ford,2018,"105,674 mi.",Gasoline,None reported,"$34,995"
Toyota,2013,"92,700 mi.",Gasoline,At least 1 accident or damage reported,"$20,800"
Ford,2016,"101,387 mi.",Gasoline,At least 1 accident or damage reported,"$16,000"
Buick,2021,"36,544 mi.",Gasoline,None reported,"$33,290"
Audi,2019,"41,000 mi.",Gasoline,None reported,"$39,900"
Chrysler,2013,"115,872 mi.",E85 Flex Fuel,None reported,"$9,500"
Chevrolet,2011,"135,603 mi.",Gasoline,None reported,"$7,000"
Ford,2020,"26,540 mi.",Gasoline,None reported,"$46,995"
Jaguar,2011,"35,134 mi.",Gasoline,At least 1 accident or damage reported,"$12,400"
Jeep,2020,"49,990 mi.",Gasoline,None reported,"$53,000"
Ford,2011,"153,818 mi.",Diesel,At least 1 accident or damage reported,"$29,800"
Jaguar,2017,"58,060 mi.",Gasoline,At least 1 accident or damage reported,"$26,000"
Porsche,2015,"36,000 mi.",Gasoline,None reported,"$84,999"
Ford,2022,"17,000 mi.",Gasoline,None reported,"$69,999"
Suzuki,2013,"99,982 mi.",Gasoline,At least 1 accident or damage reported,"$6,900"
Ford,2019,"106,000 mi.",Gasoline,At least 1 accident or damage reported,"$12,000"
Toyota,1994,"178,416 mi.",–,None reported,"$9,000"
Honda,2014,"82,500 mi.",Gasoline,None reported,"$15,000"
Mercedes-Benz,2018,"41,500 mi.",Diesel,None reported,"$61,000"
BMW,2015,"92,984 mi.",Gasoline,At least 1 accident or damage reported,"$17,000"
Nissan,2007,"120,000 mi.",Gasoline,None reported,"$6,750"
Chevrolet,2015,"25,548 mi.",Gasoline,None reported,"$49,000"
Ford,2018,"65,441 mi.",Gasoline,None reported,"$38,000"
Porsche,2020,"39,611 mi.",Gasoline,None reported,"$89,900"
Toyota,2010,"154,860 mi.",Gasoline,None reported,"$17,900"
Porsche,2021,"7,008 mi.",Gasoline,,"$151,900"
BMW,2022,"21,057 mi.",Gasoline,None reported,"$99,800"
Lexus,2016,"39,750 mi.",Hybrid,None reported,"$21,995"
Aston,2003,"14,900 mi.",Gasoline,,"$32,850"
Chevrolet,2018,"71,312 mi.",Gasoline,None reported,"$17,899"
Porsche,2015,"43,500 mi.",Gasoline,None reported,"$66,500"
BMW,2020,"34,000 mi.",Gasoline,None reported,"$59,335"
Subaru,2021,"32,250 mi.",Gasoline,At least 1 accident or damage reported,"$36,000"
Volkswagen,2011,"194,000 mi.",Gasoline,At least 1 accident or damage reported,"$3,500"
Mercedes-Benz,2023,"2,000 mi.",Hybrid,None reported,"$175,000"
Mercedes-Benz,2018,"53,705 mi.",Gasoline,At least 1 accident or damage reported,"$25,900"
Bentley,2023,714 mi.,Gasoline,None reported,"$349,950"
Audi,2022,"10,900 mi.",Gasoline,None reported,"$53,900"
Porsche,2022,"2,116 mi.",,None reported,"$90,998"
Ford,2020,"33,000 mi.",Gasoline,None reported,"$62,999"
BMW,2020,"43,000 mi.",Gasoline,At least 1 accident or damage reported,"$40,000"
